uid,win_image_path,category
a1323e46-f6b1-459a-8754-2d7c582fde60,/data_center/data2/dataset/chenwy/21164-data/dpo_dataset/u2net_next_inpainting/HPDv3/real/a1323e46-f6b1-459a-8754-2d7c582fde60.png,Characters
235b2f72-5822-4007-a0d4-27c0e72801d8,/data_center/data2/dataset/chenwy/21164-data/dpo_dataset/u2net_next_inpainting/HPDv3/real/235b2f72-5822-4007-a0d4-27c0e72801d8.png,Architecture
503b5479-9e7c-46e2-9b1f-25659a18cc60,/data_center/data2/dataset/chenwy/21164-data/dpo_dataset/u2net_next_inpainting/HPDv3/real/503b5479-9e7c-46e2-9b1f-25659a18cc60.png,Characters
5cfbc43f-7999-4a4c-8eb3-6f6826d779fb,/data_center/data2/dataset/chenwy/21164-data/dpo_dataset/u2net_next_inpainting/HPDv3/real/5cfbc43f-7999-4a4c-8eb3-6f6826d779fb.png,Transportation
a015d893-237b-4f0a-bfd7-647b0906b714,/data_center/data2/dataset/chenwy/21164-data/dpo_dataset/u2net_next_inpainting/HPDv3/real/a015d893-237b-4f0a-bfd7-647b0906b714.png,Products
b8d040d3-ec0e-4746-8afa-11e47b1499b4,/data_center/data2/dataset/chenwy/21164-data/dpo_dataset/u2net_next_inpainting/HPDv3/real/b8d040d3-ec0e-4746-8afa-11e47b1499b4.png,Products
a45809e9-87c5-4813-8d41-ca5ff3a94c68,/data_center/data2/dataset/chenwy/21164-data/dpo_dataset/u2net_next_inpainting/HPDv3/real/a45809e9-87c5-4813-8d41-ca5ff3a94c68.png,Transportation
933a77a4-65b4-44ee-b2ef-c685a26e0e70,/data_center/data2/dataset/chenwy/21164-data/dpo_dataset/u2net_next_inpainting/HPDv3/real/933a77a4-65b4-44ee-b2ef-c685a26e0e70.png,Transportation
43b23546-f19d-43be-9e85-fd96d5d1bec2,/data_center/data2/dataset/chenwy/21164-data/dpo_dataset/u2net_next_inpainting/HPDv3/real/43b23546-f19d-43be-9e85-fd96d5d1bec2.png,Characters
04e2e40e-3be0-493d-b46b-d456fc363bb9,/data_center/data2/dataset/chenwy/21164-data/dpo_dataset/u2net_next_inpainting/HPDv3/real/04e2e40e-3be0-493d-b46b-d456fc363bb9.png,Products
8598866c-0bf6-4301-b38d-795018010cab,/data_center/data2/dataset/chenwy/21164-data/dpo_dataset/u2net_next_inpainting/HPDv3/real/8598866c-0bf6-4301-b38d-795018010cab.png,Transportation
52303064-a4f6-47ab-814f-afad4fdfa9ac,/data_center/data2/dataset/chenwy/21164-data/dpo_dataset/u2net_next_inpainting/HPDv3/real/52303064-a4f6-47ab-814f-afad4fdfa9ac.png,Characters
fe485b8e-42db-40f1-80b7-c2fdd938c7e6,/data_center/data2/dataset/chenwy/21164-data/dpo_dataset/u2net_next_inpainting/HPDv3/real/fe485b8e-42db-40f1-80b7-c2fdd938c7e6.png,Transportation
d015b239-ef27-4c64-8737-062a38a8a1a1,/data_center/data2/dataset/chenwy/21164-data/dpo_dataset/u2net_next_inpainting/HPDv3/real/d015b239-ef27-4c64-8737-062a38a8a1a1.png,Characters
9c13056f-9bdb-4d29-b75a-59ef6d74d81e,/data_center/data2/dataset/chenwy/21164-data/dpo_dataset/u2net_next_inpainting/HPDv3/real/9c13056f-9bdb-4d29-b75a-59ef6d74d81e.png,Products
fbf537de-acd9-4025-abec-5acc58bcfbb6,/data_center/data2/dataset/chenwy/21164-data/dpo_dataset/u2net_next_inpainting/HPDv3/real/fbf537de-acd9-4025-abec-5acc58bcfbb6.png,Architecture
713093de-a40b-4450-96ba-462364d480a9,/data_center/data2/dataset/chenwy/21164-data/dpo_dataset/u2net_next_inpainting/HPDv3/real/713093de-a40b-4450-96ba-462364d480a9.png,Others
94d36010-c957-4434-a4ef-18589565e5cd,/data_center/data2/dataset/chenwy/21164-data/dpo_dataset/u2net_next_inpainting/HPDv3/real/94d36010-c957-4434-a4ef-18589565e5cd.png,Food
61227d7b-73a5-407d-8c17-b39b1314fb94,/data_center/data2/dataset/chenwy/21164-data/dpo_dataset/u2net_next_inpainting/HPDv3/real/61227d7b-73a5-407d-8c17-b39b1314fb94.png,Transportation
0a48ec99-3e37-4347-883f-5d07bfa92ac5,/data_center/data2/dataset/chenwy/21164-data/dpo_dataset/u2net_next_inpainting/HPDv3/real/0a48ec99-3e37-4347-883f-5d07bfa92ac5.png,Characters
2a69ae32-e220-45c2-811b-be3c5a532596,/data_center/data2/dataset/chenwy/21164-data/dpo_dataset/u2net_next_inpainting/HPDv3/real/2a69ae32-e220-45c2-811b-be3c5a532596.png,Characters
6fffe1c8-6896-432d-ae61-26bebe0b641c,/data_center/data2/dataset/chenwy/21164-data/dpo_dataset/u2net_next_inpainting/HPDv3/real/6fffe1c8-6896-432d-ae61-26bebe0b641c.png,Transportation
c02bbdbe-10f9-4e74-876d-f2beed32bfdf,/data_center/data2/dataset/chenwy/21164-data/dpo_dataset/u2net_next_inpainting/HPDv3/real/c02bbdbe-10f9-4e74-876d-f2beed32bfdf.png,Characters
6cbfe94a-0553-4e43-a589-52ce802c46ce,/data_center/data2/dataset/chenwy/21164-data/dpo_dataset/u2net_next_inpainting/HPDv3/real/6cbfe94a-0553-4e43-a589-52ce802c46ce.png,Transportation
595b4c6e-384c-487b-b396-5bb5eaecf869,/data_center/data2/dataset/chenwy/21164-data/dpo_dataset/u2net_next_inpainting/HPDv3/real/595b4c6e-384c-487b-b396-5bb5eaecf869.png,Products
8a487c1d-5d24-4371-a7f2-0761c270877d,/data_center/data2/dataset/chenwy/21164-data/dpo_dataset/u2net_next_inpainting/HPDv3/real/8a487c1d-5d24-4371-a7f2-0761c270877d.png,Characters
9ae887a1-8a3c-4528-9a62-396cbe6eefc0,/data_center/data2/dataset/chenwy/21164-data/dpo_dataset/u2net_next_inpainting/HPDv3/real/9ae887a1-8a3c-4528-9a62-396cbe6eefc0.png,Architecture
ae032a97-1bd8-4624-8b0a-d789935ee8f0,/data_center/data2/dataset/chenwy/21164-data/dpo_dataset/u2net_next_inpainting/HPDv3/real/ae032a97-1bd8-4624-8b0a-d789935ee8f0.png,Characters
cef7d5b3-7149-445b-8ef8-227259c0166b,/data_center/data2/dataset/chenwy/21164-data/dpo_dataset/u2net_next_inpainting/HPDv3/real/cef7d5b3-7149-445b-8ef8-227259c0166b.png,Characters
cea8ef96-dda9-4629-8d21-5e24601b9b9d,/data_center/data2/dataset/chenwy/21164-data/dpo_dataset/u2net_next_inpainting/HPDv3/real/cea8ef96-dda9-4629-8d21-5e24601b9b9d.png,Characters
4badd13a-408d-47c1-9bfa-1f86429af732,/data_center/data2/dataset/chenwy/21164-data/dpo_dataset/u2net_next_inpainting/HPDv3/real/4badd13a-408d-47c1-9bfa-1f86429af732.png,Characters
26b6569d-ea81-4970-b788-eef1be248832,/data_center/data2/dataset/chenwy/21164-data/dpo_dataset/u2net_next_inpainting/HPDv3/real/26b6569d-ea81-4970-b788-eef1be248832.png,Characters
5444f272-fc97-4d16-bbae-2e5de0c16ca7,/data_center/data2/dataset/chenwy/21164-data/dpo_dataset/u2net_next_inpainting/HPDv3/real/5444f272-fc97-4d16-bbae-2e5de0c16ca7.png,Characters
ecca9cac-9abc-434e-861b-8aaf9f6295b2,/data_center/data2/dataset/chenwy/21164-data/dpo_dataset/u2net_next_inpainting/HPDv3/real/ecca9cac-9abc-434e-861b-8aaf9f6295b2.png,Characters
daa0e7e2-a28f-4de8-94fc-9074adbd15d8,/data_center/data2/dataset/chenwy/21164-data/dpo_dataset/u2net_next_inpainting/HPDv3/real/daa0e7e2-a28f-4de8-94fc-9074adbd15d8.png,Architecture
d53523ab-70d6-4a1a-bead-e6b091974b97,/data_center/data2/dataset/chenwy/21164-data/dpo_dataset/u2net_next_inpainting/HPDv3/real/d53523ab-70d6-4a1a-bead-e6b091974b97.png,Characters
b55372bd-6307-43c7-a1ef-5f3178f90568,/data_center/data2/dataset/chenwy/21164-data/dpo_dataset/u2net_next_inpainting/HPDv3/real/b55372bd-6307-43c7-a1ef-5f3178f90568.png,Characters
3f290e8e-c4f9-4633-a266-61830b1dbfb8,/data_center/data2/dataset/chenwy/21164-data/dpo_dataset/u2net_next_inpainting/HPDv3/real/3f290e8e-c4f9-4633-a266-61830b1dbfb8.png,Transportation
7ff98881-dd56-4217-8579-17a2c671058c,/data_center/data2/dataset/chenwy/21164-data/dpo_dataset/u2net_next_inpainting/HPDv3/real/7ff98881-dd56-4217-8579-17a2c671058c.png,Others
d1b0cfcb-cf59-45a0-8e89-1d56d2bb3f23,/data_center/data2/dataset/chenwy/21164-data/dpo_dataset/u2net_next_inpainting/HPDv3/real/d1b0cfcb-cf59-45a0-8e89-1d56d2bb3f23.png,Characters
f4560b2a-6118-4fab-8dad-60a15d4dc2dd,/data_center/data2/dataset/chenwy/21164-data/dpo_dataset/u2net_next_inpainting/HPDv3/real/f4560b2a-6118-4fab-8dad-60a15d4dc2dd.png,Characters
f306ef22-99ee-4c80-9837-4b87e7bb8320,/data_center/data2/dataset/chenwy/21164-data/dpo_dataset/u2net_next_inpainting/HPDv3/real/f306ef22-99ee-4c80-9837-4b87e7bb8320.png,Characters
a108da8e-3d1d-4930-8a52-d0e94c844055,/data_center/data2/dataset/chenwy/21164-data/dpo_dataset/u2net_next_inpainting/HPDv3/real/a108da8e-3d1d-4930-8a52-d0e94c844055.png,Characters
4cb56491-7685-469b-bcfa-c3b296a7137b,/data_center/data2/dataset/chenwy/21164-data/dpo_dataset/u2net_next_inpainting/HPDv3/real/4cb56491-7685-469b-bcfa-c3b296a7137b.png,Transportation
362764d4-59ac-43b0-a5eb-f0a9253c3eaf,/data_center/data2/dataset/chenwy/21164-data/dpo_dataset/u2net_next_inpainting/HPDv3/real/362764d4-59ac-43b0-a5eb-f0a9253c3eaf.png,Food
c73707ad-ab21-4ef3-8598-f33359b6ed88,/data_center/data2/dataset/chenwy/21164-data/dpo_dataset/u2net_next_inpainting/HPDv3/real/c73707ad-ab21-4ef3-8598-f33359b6ed88.png,Food
a1a8138d-71f9-46c9-914c-9953ce23a9e4,/data_center/data2/dataset/chenwy/21164-data/dpo_dataset/u2net_next_inpainting/HPDv3/real/a1a8138d-71f9-46c9-914c-9953ce23a9e4.png,Food
0bce11b9-4389-43d5-a2e2-05ffc7fa00d0,/data_center/data2/dataset/chenwy/21164-data/dpo_dataset/u2net_next_inpainting/HPDv3/real/0bce11b9-4389-43d5-a2e2-05ffc7fa00d0.png,Design
f058276b-54be-4c4f-aa14-94bdbac980a0,/data_center/data2/dataset/chenwy/21164-data/dpo_dataset/u2net_next_inpainting/HPDv3/real/f058276b-54be-4c4f-aa14-94bdbac980a0.png,Transportation
4b31c974-1c19-4ca6-a797-023b6e5270a9,/data_center/data2/dataset/chenwy/21164-data/dpo_dataset/u2net_next_inpainting/HPDv3/real/4b31c974-1c19-4ca6-a797-023b6e5270a9.png,Plants
ab08c677-0cce-45b5-91a4-2a8b15f519c5,/data_center/data2/dataset/chenwy/21164-data/dpo_dataset/u2net_next_inpainting/HPDv3/real/ab08c677-0cce-45b5-91a4-2a8b15f519c5.png,Characters
d806e766-107d-4c4b-ad58-1a021596d033,/data_center/data2/dataset/chenwy/21164-data/dpo_dataset/u2net_next_inpainting/HPDv3/real/d806e766-107d-4c4b-ad58-1a021596d033.png,Food
847e57e8-4177-41a8-9d6a-ccf1c8e287ba,/data_center/data2/dataset/chenwy/21164-data/dpo_dataset/u2net_next_inpainting/HPDv3/real/847e57e8-4177-41a8-9d6a-ccf1c8e287ba.png,Plants
62dca2a2-eeaf-4c4c-96c5-03f3836ca108,/data_center/data2/dataset/chenwy/21164-data/dpo_dataset/u2net_next_inpainting/HPDv3/real/62dca2a2-eeaf-4c4c-96c5-03f3836ca108.png,Food
2f2814b6-b09d-4020-913f-bf7eb029575b,/data_center/data2/dataset/chenwy/21164-data/dpo_dataset/u2net_next_inpainting/HPDv3/real/2f2814b6-b09d-4020-913f-bf7eb029575b.png,Others
4c745635-6547-42fc-b68a-f0c23f6db023,/data_center/data2/dataset/chenwy/21164-data/dpo_dataset/u2net_next_inpainting/HPDv3/real/4c745635-6547-42fc-b68a-f0c23f6db023.png,Food
9314499f-f52c-4169-98b7-9b8e039fadcc,/data_center/data2/dataset/chenwy/21164-data/dpo_dataset/u2net_next_inpainting/HPDv3/real/9314499f-f52c-4169-98b7-9b8e039fadcc.png,Architecture
f23222e9-f11e-46c1-b02a-450e20607df3,/data_center/data2/dataset/chenwy/21164-data/dpo_dataset/u2net_next_inpainting/HPDv3/real/f23222e9-f11e-46c1-b02a-450e20607df3.png,Architecture
505b7f02-5206-43be-9d3b-957721b8c95d,/data_center/data2/dataset/chenwy/21164-data/dpo_dataset/u2net_next_inpainting/HPDv3/real/505b7f02-5206-43be-9d3b-957721b8c95d.png,Characters
3818d1f2-5543-46e1-8c46-2d7ec009dcb2,/data_center/data2/dataset/chenwy/21164-data/dpo_dataset/u2net_next_inpainting/HPDv3/real/3818d1f2-5543-46e1-8c46-2d7ec009dcb2.png,Characters
bc0188f7-9204-45ab-83a9-618491bef6ef,/data_center/data2/dataset/chenwy/21164-data/dpo_dataset/u2net_next_inpainting/HPDv3/real/bc0188f7-9204-45ab-83a9-618491bef6ef.png,Characters
ee78d855-8d8f-4b3a-9ecc-6c30d8e0401d,/data_center/data2/dataset/chenwy/21164-data/dpo_dataset/u2net_next_inpainting/HPDv3/real/ee78d855-8d8f-4b3a-9ecc-6c30d8e0401d.png,Products
62dfc989-3093-4aef-9043-8489bf9ebbc4,/data_center/data2/dataset/chenwy/21164-data/dpo_dataset/u2net_next_inpainting/HPDv3/real/62dfc989-3093-4aef-9043-8489bf9ebbc4.png,Products
462b9aa5-3152-409d-868b-31c783d198a2,/data_center/data2/dataset/chenwy/21164-data/dpo_dataset/u2net_next_inpainting/HPDv3/real/462b9aa5-3152-409d-868b-31c783d198a2.png,Products
3f559424-b803-4147-9542-1eecc01f230b,/data_center/data2/dataset/chenwy/21164-data/dpo_dataset/u2net_next_inpainting/HPDv3/real/3f559424-b803-4147-9542-1eecc01f230b.png,Characters
8add3166-1f92-4155-a766-2489f86d00e0,/data_center/data2/dataset/chenwy/21164-data/dpo_dataset/u2net_next_inpainting/HPDv3/real/8add3166-1f92-4155-a766-2489f86d00e0.png,Characters
efef40fd-eb31-493b-a8f0-f297dd77bae8,/data_center/data2/dataset/chenwy/21164-data/dpo_dataset/u2net_next_inpainting/HPDv3/real/efef40fd-eb31-493b-a8f0-f297dd77bae8.png,Architecture
8f0dfe6e-8bfa-41f3-8e07-5c3122e4e63b,/data_center/data2/dataset/chenwy/21164-data/dpo_dataset/u2net_next_inpainting/HPDv3/real/8f0dfe6e-8bfa-41f3-8e07-5c3122e4e63b.png,Transportation
d1e14e54-6d87-4f24-a5f7-cc3b554b5b54,/data_center/data2/dataset/chenwy/21164-data/dpo_dataset/u2net_next_inpainting/HPDv3/real/d1e14e54-6d87-4f24-a5f7-cc3b554b5b54.png,Characters
11e65a59-d417-4a50-9f24-15f287f92f5a,/data_center/data2/dataset/chenwy/21164-data/dpo_dataset/u2net_next_inpainting/HPDv3/real/11e65a59-d417-4a50-9f24-15f287f92f5a.png,Animals
82b77764-9059-4f55-b485-0c572a3194f3,/data_center/data2/dataset/chenwy/21164-data/dpo_dataset/u2net_next_inpainting/HPDv3/real/82b77764-9059-4f55-b485-0c572a3194f3.png,Characters
a5c9b8e8-9e1c-46e7-92f1-5a93d507f233,/data_center/data2/dataset/chenwy/21164-data/dpo_dataset/u2net_next_inpainting/HPDv3/real/a5c9b8e8-9e1c-46e7-92f1-5a93d507f233.png,Food
320cd21e-0151-49a0-b08b-adff338cce10,/data_center/data2/dataset/chenwy/21164-data/dpo_dataset/u2net_next_inpainting/HPDv3/real/320cd21e-0151-49a0-b08b-adff338cce10.png,Characters
d45b13f9-2f47-4d5b-a5b4-69bc65ac4967,/data_center/data2/dataset/chenwy/21164-data/dpo_dataset/u2net_next_inpainting/HPDv3/real/d45b13f9-2f47-4d5b-a5b4-69bc65ac4967.png,Characters
273448b5-f460-40d0-8bbe-28ffeffe937c,/data_center/data2/dataset/chenwy/21164-data/dpo_dataset/u2net_next_inpainting/HPDv3/real/273448b5-f460-40d0-8bbe-28ffeffe937c.png,Characters
5bf7e6de-14c4-4ba5-9119-1c06c9e69357,/data_center/data2/dataset/chenwy/21164-data/dpo_dataset/u2net_next_inpainting/HPDv3/real/5bf7e6de-14c4-4ba5-9119-1c06c9e69357.png,Others
e33147bd-55ad-462a-813c-0be26898e651,/data_center/data2/dataset/chenwy/21164-data/dpo_dataset/u2net_next_inpainting/HPDv3/real/e33147bd-55ad-462a-813c-0be26898e651.png,Others
c44969fd-0ec7-461e-b7b8-b12780ba920c,/data_center/data2/dataset/chenwy/21164-data/dpo_dataset/u2net_next_inpainting/HPDv3/real/c44969fd-0ec7-461e-b7b8-b12780ba920c.png,Food
4e6b94a4-198e-431c-8188-f98be3671091,/data_center/data2/dataset/chenwy/21164-data/dpo_dataset/u2net_next_inpainting/HPDv3/real/4e6b94a4-198e-431c-8188-f98be3671091.png,Characters
4caf6439-a40d-41e5-8adb-5c8515da2034,/data_center/data2/dataset/chenwy/21164-data/dpo_dataset/u2net_next_inpainting/HPDv3/real/4caf6439-a40d-41e5-8adb-5c8515da2034.png,Characters
708628e6-00a5-4080-a313-d17fcf852df7,/data_center/data2/dataset/chenwy/21164-data/dpo_dataset/u2net_next_inpainting/HPDv3/real/708628e6-00a5-4080-a313-d17fcf852df7.png,Characters
c89eef72-a2f8-4da8-a1ac-df126130331a,/data_center/data2/dataset/chenwy/21164-data/dpo_dataset/u2net_next_inpainting/HPDv3/real/c89eef72-a2f8-4da8-a1ac-df126130331a.png,Others
879ab6fd-353f-4d84-bcfd-44f909aec8b5,/data_center/data2/dataset/chenwy/21164-data/dpo_dataset/u2net_next_inpainting/HPDv3/real/879ab6fd-353f-4d84-bcfd-44f909aec8b5.png,Characters
ae58ce68-46cd-4fce-a79e-99df945b7cda,/data_center/data2/dataset/chenwy/21164-data/dpo_dataset/u2net_next_inpainting/HPDv3/real/ae58ce68-46cd-4fce-a79e-99df945b7cda.png,Characters
08f0fab0-58bf-4eb6-a20f-30a1e04adaec,/data_center/data2/dataset/chenwy/21164-data/dpo_dataset/u2net_next_inpainting/HPDv3/real/08f0fab0-58bf-4eb6-a20f-30a1e04adaec.png,Architecture
a3c69def-a1af-4cb4-a1d5-353550ab2305,/data_center/data2/dataset/chenwy/21164-data/dpo_dataset/u2net_next_inpainting/HPDv3/real/a3c69def-a1af-4cb4-a1d5-353550ab2305.png,Characters
f08c5470-a1cc-49ca-a1ee-2e0f0c0fb5cd,/data_center/data2/dataset/chenwy/21164-data/dpo_dataset/u2net_next_inpainting/HPDv3/real/f08c5470-a1cc-49ca-a1ee-2e0f0c0fb5cd.png,Characters
8e81e20d-2b5f-4ad4-a3b4-df5cc205598c,/data_center/data2/dataset/chenwy/21164-data/dpo_dataset/u2net_next_inpainting/HPDv3/real/8e81e20d-2b5f-4ad4-a3b4-df5cc205598c.png,Characters
589decdc-a663-43ab-8a30-259df894c6af,/data_center/data2/dataset/chenwy/21164-data/dpo_dataset/u2net_next_inpainting/HPDv3/real/589decdc-a663-43ab-8a30-259df894c6af.png,Characters
608f4b4e-bcd4-4b5f-9b1e-c04fb8f53179,/data_center/data2/dataset/chenwy/21164-data/dpo_dataset/u2net_next_inpainting/HPDv3/real/608f4b4e-bcd4-4b5f-9b1e-c04fb8f53179.png,Food
21af45f5-1eb5-491a-ba2e-d59c3fcf0d3b,/data_center/data2/dataset/chenwy/21164-data/dpo_dataset/u2net_next_inpainting/HPDv3/real/21af45f5-1eb5-491a-ba2e-d59c3fcf0d3b.png,Food
dfa39b56-6aef-4d92-a548-6095251a984d,/data_center/data2/dataset/chenwy/21164-data/dpo_dataset/u2net_next_inpainting/HPDv3/real/dfa39b56-6aef-4d92-a548-6095251a984d.png,Design
6617277c-cff8-4085-9fbf-7b50eb52aa44,/data_center/data2/dataset/chenwy/21164-data/dpo_dataset/u2net_next_inpainting/HPDv3/real/6617277c-cff8-4085-9fbf-7b50eb52aa44.png,Natural Scenery
4102a248-c698-4395-b74e-9edb6e6d20f6,/data_center/data2/dataset/chenwy/21164-data/dpo_dataset/u2net_next_inpainting/HPDv3/real/4102a248-c698-4395-b74e-9edb6e6d20f6.png,Characters
9ac03f15-ab8a-4a07-b18d-1b639fb369bd,/data_center/data2/dataset/chenwy/21164-data/dpo_dataset/u2net_next_inpainting/HPDv3/real/9ac03f15-ab8a-4a07-b18d-1b639fb369bd.png,Characters
489240f9-cd72-4ad3-9201-5996aef6e737,/data_center/data2/dataset/chenwy/21164-data/dpo_dataset/u2net_next_inpainting/HPDv3/real/489240f9-cd72-4ad3-9201-5996aef6e737.png,Characters
eddfefb0-db91-4c8f-86c0-6156602cbd3c,/data_center/data2/dataset/chenwy/21164-data/dpo_dataset/u2net_next_inpainting/HPDv3/real/eddfefb0-db91-4c8f-86c0-6156602cbd3c.png,Architecture
d22aeb4b-488c-4af7-8f6d-921a8d82954e,/data_center/data2/dataset/chenwy/21164-data/dpo_dataset/u2net_next_inpainting/HPDv3/real/d22aeb4b-488c-4af7-8f6d-921a8d82954e.png,Animals
2001f8c0-c3ef-4665-8f74-efe77968e176,/data_center/data2/dataset/chenwy/21164-data/dpo_dataset/u2net_next_inpainting/HPDv3/real/2001f8c0-c3ef-4665-8f74-efe77968e176.png,Animals
b5d12c88-5648-4385-8e5e-5e7ec3f18f17,/data_center/data2/dataset/chenwy/21164-data/dpo_dataset/u2net_next_inpainting/HPDv3/real/b5d12c88-5648-4385-8e5e-5e7ec3f18f17.png,Characters
b025e442-f0fb-4f8a-bc73-7878183cd24c,/data_center/data2/dataset/chenwy/21164-data/dpo_dataset/u2net_next_inpainting/HPDv3/real/b025e442-f0fb-4f8a-bc73-7878183cd24c.png,Food
d9d97d49-177b-4ea9-bdb1-30381e3aa5f1,/data_center/data2/dataset/chenwy/21164-data/dpo_dataset/u2net_next_inpainting/HPDv3/real/d9d97d49-177b-4ea9-bdb1-30381e3aa5f1.png,Architecture
bd91ea0a-62a3-4ce1-93b2-3400ad0c1e19,/data_center/data2/dataset/chenwy/21164-data/dpo_dataset/u2net_next_inpainting/HPDv3/real/bd91ea0a-62a3-4ce1-93b2-3400ad0c1e19.png,Characters
3fd3797a-42a3-4235-a022-89092b9d911d,/data_center/data2/dataset/chenwy/21164-data/dpo_dataset/u2net_next_inpainting/HPDv3/real/3fd3797a-42a3-4235-a022-89092b9d911d.png,Products
233fe645-dc9f-4122-a519-276a8c105a47,/data_center/data2/dataset/chenwy/21164-data/dpo_dataset/u2net_next_inpainting/HPDv3/real/233fe645-dc9f-4122-a519-276a8c105a47.png,Natural Scenery
d6a54c47-c317-4f0a-a763-7bfe45e76ba3,/data_center/data2/dataset/chenwy/21164-data/dpo_dataset/u2net_next_inpainting/HPDv3/real/d6a54c47-c317-4f0a-a763-7bfe45e76ba3.png,Animals
c5e09c0f-5370-437d-bf57-c96f35cd0669,/data_center/data2/dataset/chenwy/21164-data/dpo_dataset/u2net_next_inpainting/HPDv3/real/c5e09c0f-5370-437d-bf57-c96f35cd0669.png,Products
9f76258a-d859-4b95-81e8-90722ad5a068,/data_center/data2/dataset/chenwy/21164-data/dpo_dataset/u2net_next_inpainting/HPDv3/real/9f76258a-d859-4b95-81e8-90722ad5a068.png,Animals
cbf271d0-307d-4646-bbc7-4f8559c7a425,/data_center/data2/dataset/chenwy/21164-data/dpo_dataset/u2net_next_inpainting/HPDv3/real/cbf271d0-307d-4646-bbc7-4f8559c7a425.png,Characters
4a25a892-d31a-480b-ba1a-ad1cc28ffe66,/data_center/data2/dataset/chenwy/21164-data/dpo_dataset/u2net_next_inpainting/HPDv3/real/4a25a892-d31a-480b-ba1a-ad1cc28ffe66.png,Characters
f9f1191a-b714-4913-8936-257c7791aaba,/data_center/data2/dataset/chenwy/21164-data/dpo_dataset/u2net_next_inpainting/HPDv3/real/f9f1191a-b714-4913-8936-257c7791aaba.png,Transportation
4f216ec0-f102-4ce6-8819-4ec28cd4e7fe,/data_center/data2/dataset/chenwy/21164-data/dpo_dataset/u2net_next_inpainting/HPDv3/real/4f216ec0-f102-4ce6-8819-4ec28cd4e7fe.png,Characters
11f66ab0-5d35-485d-91e0-460ef4669242,/data_center/data2/dataset/chenwy/21164-data/dpo_dataset/u2net_next_inpainting/HPDv3/real/11f66ab0-5d35-485d-91e0-460ef4669242.png,Characters
85acbac5-3f18-4614-85a5-1ad8c13c271e,/data_center/data2/dataset/chenwy/21164-data/dpo_dataset/u2net_next_inpainting/HPDv3/real/85acbac5-3f18-4614-85a5-1ad8c13c271e.png,Products
632d4a93-6591-4cc0-a1cf-3768edd62ffb,/data_center/data2/dataset/chenwy/21164-data/dpo_dataset/u2net_next_inpainting/HPDv3/real/632d4a93-6591-4cc0-a1cf-3768edd62ffb.png,Characters
484b954f-5ed9-4173-96a7-006cf652ba05,/data_center/data2/dataset/chenwy/21164-data/dpo_dataset/u2net_next_inpainting/HPDv3/real/484b954f-5ed9-4173-96a7-006cf652ba05.png,Animals
73aef6e9-6dc9-48ba-b10d-7f03959392fd,/data_center/data2/dataset/chenwy/21164-data/dpo_dataset/u2net_next_inpainting/HPDv3/real/73aef6e9-6dc9-48ba-b10d-7f03959392fd.png,Characters
822ba796-d1ad-4f0d-872a-c1bd23c56272,/data_center/data2/dataset/chenwy/21164-data/dpo_dataset/u2net_next_inpainting/HPDv3/real/822ba796-d1ad-4f0d-872a-c1bd23c56272.png,Products
b4add4b0-2abd-480f-bf30-01e1fe6e01a3,/data_center/data2/dataset/chenwy/21164-data/dpo_dataset/u2net_next_inpainting/HPDv3/real/b4add4b0-2abd-480f-bf30-01e1fe6e01a3.png,Characters
0f38ff7b-967d-44ea-8582-01aac3e84d81,/data_center/data2/dataset/chenwy/21164-data/dpo_dataset/u2net_next_inpainting/HPDv3/real/0f38ff7b-967d-44ea-8582-01aac3e84d81.png,Architecture
421338d4-3931-456f-9e16-43933355c614,/data_center/data2/dataset/chenwy/21164-data/dpo_dataset/u2net_next_inpainting/HPDv3/real/421338d4-3931-456f-9e16-43933355c614.png,Characters
e14b7e2b-8fac-49c7-8fa7-953ca8ae0bf2,/data_center/data2/dataset/chenwy/21164-data/dpo_dataset/u2net_next_inpainting/HPDv3/real/e14b7e2b-8fac-49c7-8fa7-953ca8ae0bf2.png,Others
f2b47dd9-df4d-4f15-b829-05a264ecb28e,/data_center/data2/dataset/chenwy/21164-data/dpo_dataset/u2net_next_inpainting/HPDv3/real/f2b47dd9-df4d-4f15-b829-05a264ecb28e.png,Others
10b37f30-ad36-4150-8af3-072cc880033a,/data_center/data2/dataset/chenwy/21164-data/dpo_dataset/u2net_next_inpainting/HPDv3/real/10b37f30-ad36-4150-8af3-072cc880033a.png,Characters
a6e9abde-3c12-4eba-9e49-4ca99ac62841,/data_center/data2/dataset/chenwy/21164-data/dpo_dataset/u2net_next_inpainting/HPDv3/real/a6e9abde-3c12-4eba-9e49-4ca99ac62841.png,Architecture
f1854123-24df-4f42-8381-c3813e327059,/data_center/data2/dataset/chenwy/21164-data/dpo_dataset/u2net_next_inpainting/HPDv3/real/f1854123-24df-4f42-8381-c3813e327059.png,Food
f0c87161-e44b-46d0-956e-306ac61e9185,/data_center/data2/dataset/chenwy/21164-data/dpo_dataset/u2net_next_inpainting/HPDv3/real/f0c87161-e44b-46d0-956e-306ac61e9185.png,Animals
6084cdd7-2d54-454f-9b4f-b073f617c6bf,/data_center/data2/dataset/chenwy/21164-data/dpo_dataset/u2net_next_inpainting/HPDv3/real/6084cdd7-2d54-454f-9b4f-b073f617c6bf.png,Characters
8309f0cc-1d36-4bb4-b1e3-0f6070247b7a,/data_center/data2/dataset/chenwy/21164-data/dpo_dataset/u2net_next_inpainting/HPDv3/real/8309f0cc-1d36-4bb4-b1e3-0f6070247b7a.png,Food
c1c7e60c-87e5-409e-8a5e-ef1d8bc3907e,/data_center/data2/dataset/chenwy/21164-data/dpo_dataset/u2net_next_inpainting/HPDv3/real/c1c7e60c-87e5-409e-8a5e-ef1d8bc3907e.png,Products
60fbc0ff-ab44-4709-9057-95fb9b736cb6,/data_center/data2/dataset/chenwy/21164-data/dpo_dataset/u2net_next_inpainting/HPDv3/real/60fbc0ff-ab44-4709-9057-95fb9b736cb6.png,Food
ee43dff7-c083-44a2-9492-671b6df2542d,/data_center/data2/dataset/chenwy/21164-data/dpo_dataset/u2net_next_inpainting/HPDv3/real/ee43dff7-c083-44a2-9492-671b6df2542d.png,Characters
9525b8dd-002d-42bf-b86d-5c15f401a734,/data_center/data2/dataset/chenwy/21164-data/dpo_dataset/u2net_next_inpainting/HPDv3/real/9525b8dd-002d-42bf-b86d-5c15f401a734.png,Characters
e8bb2ef0-27c4-454f-9b68-0b4f811c5fab,/data_center/data2/dataset/chenwy/21164-data/dpo_dataset/u2net_next_inpainting/HPDv3/real/e8bb2ef0-27c4-454f-9b68-0b4f811c5fab.png,Others
980d0bc4-d436-46e7-be76-7d35b68c5ded,/data_center/data2/dataset/chenwy/21164-data/dpo_dataset/u2net_next_inpainting/HPDv3/real/980d0bc4-d436-46e7-be76-7d35b68c5ded.png,Characters
07cf181f-7720-427a-986c-b26748680e3f,/data_center/data2/dataset/chenwy/21164-data/dpo_dataset/u2net_next_inpainting/HPDv3/real/07cf181f-7720-427a-986c-b26748680e3f.png,Others
6c2abe96-4120-42de-a731-add8ad158378,/data_center/data2/dataset/chenwy/21164-data/dpo_dataset/u2net_next_inpainting/HPDv3/real/6c2abe96-4120-42de-a731-add8ad158378.png,Transportation
690c4220-72e0-404d-b21e-75929153b0f3,/data_center/data2/dataset/chenwy/21164-data/dpo_dataset/u2net_next_inpainting/HPDv3/real/690c4220-72e0-404d-b21e-75929153b0f3.png,Others
b7737a68-683c-4b7a-8b91-1f670fbb8cc6,/data_center/data2/dataset/chenwy/21164-data/dpo_dataset/u2net_next_inpainting/HPDv3/real/b7737a68-683c-4b7a-8b91-1f670fbb8cc6.png,Natural Scenery
1435d826-2453-4ba1-aa8f-4737aec1e067,/data_center/data2/dataset/chenwy/21164-data/dpo_dataset/u2net_next_inpainting/HPDv3/real/1435d826-2453-4ba1-aa8f-4737aec1e067.png,Characters
3d6ba244-1e14-4c16-84c8-32ac9d9e6b9d,/data_center/data2/dataset/chenwy/21164-data/dpo_dataset/u2net_next_inpainting/HPDv3/real/3d6ba244-1e14-4c16-84c8-32ac9d9e6b9d.png,Science
72807b95-cf6f-4627-abca-e8d65f130043,/data_center/data2/dataset/chenwy/21164-data/dpo_dataset/u2net_next_inpainting/HPDv3/real/72807b95-cf6f-4627-abca-e8d65f130043.png,Natural Scenery
d350ad1f-8345-4469-b4d2-9ef91460f19a,/data_center/data2/dataset/chenwy/21164-data/dpo_dataset/u2net_next_inpainting/HPDv3/real/d350ad1f-8345-4469-b4d2-9ef91460f19a.png,Characters
ea82222a-24e1-4067-8a55-1b90cbbc2aac,/data_center/data2/dataset/chenwy/21164-data/dpo_dataset/u2net_next_inpainting/HPDv3/real/ea82222a-24e1-4067-8a55-1b90cbbc2aac.png,Natural Scenery
b96aed7a-ba8b-4bcf-9254-80ef9031425e,/data_center/data2/dataset/chenwy/21164-data/dpo_dataset/u2net_next_inpainting/HPDv3/real/b96aed7a-ba8b-4bcf-9254-80ef9031425e.png,Natural Scenery
c768a6a3-960a-4167-8c7c-2b7a2286a654,/data_center/data2/dataset/chenwy/21164-data/dpo_dataset/u2net_next_inpainting/HPDv3/real/c768a6a3-960a-4167-8c7c-2b7a2286a654.png,Products
1daa913f-8a13-4ac4-84b4-c8fa29499504,/data_center/data2/dataset/chenwy/21164-data/dpo_dataset/u2net_next_inpainting/HPDv3/real/1daa913f-8a13-4ac4-84b4-c8fa29499504.png,Characters
aa177cd2-3ec0-44fd-a341-fdf2f0a4cc65,/data_center/data2/dataset/chenwy/21164-data/dpo_dataset/u2net_next_inpainting/HPDv3/real/aa177cd2-3ec0-44fd-a341-fdf2f0a4cc65.png,Characters
150a1d5b-bcb2-4c10-8345-28b34303d061,/data_center/data2/dataset/chenwy/21164-data/dpo_dataset/u2net_next_inpainting/HPDv3/real/150a1d5b-bcb2-4c10-8345-28b34303d061.png,Characters
b1db3917-9a4f-449b-8f48-7d259b6feac5,/data_center/data2/dataset/chenwy/21164-data/dpo_dataset/u2net_next_inpainting/HPDv3/real/b1db3917-9a4f-449b-8f48-7d259b6feac5.png,Characters
610a3e32-31b3-4661-8e7c-a9565e2a4547,/data_center/data2/dataset/chenwy/21164-data/dpo_dataset/u2net_next_inpainting/HPDv3/real/610a3e32-31b3-4661-8e7c-a9565e2a4547.png,Natural Scenery
ef41b3c3-c51a-4b8d-9863-6541bc4a42d0,/data_center/data2/dataset/chenwy/21164-data/dpo_dataset/u2net_next_inpainting/HPDv3/real/ef41b3c3-c51a-4b8d-9863-6541bc4a42d0.png,Characters
b5f6b9d2-439a-48bb-8fe9-e0a17af05e20,/data_center/data2/dataset/chenwy/21164-data/dpo_dataset/u2net_next_inpainting/HPDv3/real/b5f6b9d2-439a-48bb-8fe9-e0a17af05e20.png,Animals
f57163dd-f61d-4711-8d62-557847498a7a,/data_center/data2/dataset/chenwy/21164-data/dpo_dataset/u2net_next_inpainting/HPDv3/real/f57163dd-f61d-4711-8d62-557847498a7a.png,Characters
b6b777d2-6c74-46d9-8dcb-e960bfc4e899,/data_center/data2/dataset/chenwy/21164-data/dpo_dataset/u2net_next_inpainting/HPDv3/real/b6b777d2-6c74-46d9-8dcb-e960bfc4e899.png,Food
fa670c94-cf68-4ce1-aed8-af98328368b8,/data_center/data2/dataset/chenwy/21164-data/dpo_dataset/u2net_next_inpainting/HPDv3/real/fa670c94-cf68-4ce1-aed8-af98328368b8.png,Characters
ac1f9532-b6e1-46a0-9f27-9ac2675d8c8a,/data_center/data2/dataset/chenwy/21164-data/dpo_dataset/u2net_next_inpainting/HPDv3/real/ac1f9532-b6e1-46a0-9f27-9ac2675d8c8a.png,Food
04fd3e5e-09f7-4ffe-b442-afe6a3ae6310,/data_center/data2/dataset/chenwy/21164-data/dpo_dataset/u2net_next_inpainting/HPDv3/real/04fd3e5e-09f7-4ffe-b442-afe6a3ae6310.png,Arts
166a1363-e0dc-43c2-8ab5-4dd96885d951,/data_center/data2/dataset/chenwy/21164-data/dpo_dataset/u2net_next_inpainting/HPDv3/real/166a1363-e0dc-43c2-8ab5-4dd96885d951.png,Food
e086984f-1f27-4db2-81bf-add56f775b95,/data_center/data2/dataset/chenwy/21164-data/dpo_dataset/u2net_next_inpainting/HPDv3/real/e086984f-1f27-4db2-81bf-add56f775b95.png,Food
114bedc0-8d0a-4e06-b261-d779f171984b,/data_center/data2/dataset/chenwy/21164-data/dpo_dataset/u2net_next_inpainting/HPDv3/real/114bedc0-8d0a-4e06-b261-d779f171984b.png,Architecture
1f67a02d-5b0f-40e2-8234-f3964dfe587a,/data_center/data2/dataset/chenwy/21164-data/dpo_dataset/u2net_next_inpainting/HPDv3/real/1f67a02d-5b0f-40e2-8234-f3964dfe587a.png,Food
88b40aaf-839b-4e57-9b67-96c819743590,/data_center/data2/dataset/chenwy/21164-data/dpo_dataset/u2net_next_inpainting/HPDv3/real/88b40aaf-839b-4e57-9b67-96c819743590.png,Animals
05d389c7-f617-48ac-9dd5-ce8f94e8ade3,/data_center/data2/dataset/chenwy/21164-data/dpo_dataset/u2net_next_inpainting/HPDv3/real/05d389c7-f617-48ac-9dd5-ce8f94e8ade3.png,Animals
9a6b717a-09ec-4335-8ad5-2e637cff55a2,/data_center/data2/dataset/chenwy/21164-data/dpo_dataset/u2net_next_inpainting/HPDv3/real/9a6b717a-09ec-4335-8ad5-2e637cff55a2.png,Natural Scenery
beb3d110-dd26-4932-8ac5-46f52249ba2e,/data_center/data2/dataset/chenwy/21164-data/dpo_dataset/u2net_next_inpainting/HPDv3/real/beb3d110-dd26-4932-8ac5-46f52249ba2e.png,Characters
8af320c9-fa84-4bc8-bfee-7691bbd48a67,/data_center/data2/dataset/chenwy/21164-data/dpo_dataset/u2net_next_inpainting/HPDv3/real/8af320c9-fa84-4bc8-bfee-7691bbd48a67.png,Characters
ddbd8292-29ba-4cf3-a236-171148cc94b5,/data_center/data2/dataset/chenwy/21164-data/dpo_dataset/u2net_next_inpainting/HPDv3/real/ddbd8292-29ba-4cf3-a236-171148cc94b5.png,Transportation
0e0327b6-fae0-4ad1-b606-20bb42d4ee62,/data_center/data2/dataset/chenwy/21164-data/dpo_dataset/u2net_next_inpainting/HPDv3/real/0e0327b6-fae0-4ad1-b606-20bb42d4ee62.png,Architecture
9a7d9c6e-7aa2-4c15-8f97-bd74cf6bcfed,/data_center/data2/dataset/chenwy/21164-data/dpo_dataset/u2net_next_inpainting/HPDv3/real/9a7d9c6e-7aa2-4c15-8f97-bd74cf6bcfed.png,Characters
89fa8204-a15e-45cb-a88d-4776251d3ac5,/data_center/data2/dataset/chenwy/21164-data/dpo_dataset/u2net_next_inpainting/HPDv3/real/89fa8204-a15e-45cb-a88d-4776251d3ac5.png,Products
551f2683-5a2a-414a-94c1-3d88ac427f27,/data_center/data2/dataset/chenwy/21164-data/dpo_dataset/u2net_next_inpainting/HPDv3/real/551f2683-5a2a-414a-94c1-3d88ac427f27.png,Characters
7de63073-21d2-485a-b07b-7c5d373507a0,/data_center/data2/dataset/chenwy/21164-data/dpo_dataset/u2net_next_inpainting/HPDv3/real/7de63073-21d2-485a-b07b-7c5d373507a0.png,Architecture
014936f2-2f41-4a89-83d2-2c17af4dad3f,/data_center/data2/dataset/chenwy/21164-data/dpo_dataset/u2net_next_inpainting/HPDv3/real/014936f2-2f41-4a89-83d2-2c17af4dad3f.png,Characters
2fe08b10-26aa-404d-a9c1-845319e6f83a,/data_center/data2/dataset/chenwy/21164-data/dpo_dataset/u2net_next_inpainting/HPDv3/real/2fe08b10-26aa-404d-a9c1-845319e6f83a.png,Architecture
9fff70aa-5d18-48d1-b26b-b505a35cc7a4,/data_center/data2/dataset/chenwy/21164-data/dpo_dataset/u2net_next_inpainting/HPDv3/real/9fff70aa-5d18-48d1-b26b-b505a35cc7a4.png,Food
ea313854-6eb5-4303-be48-541526ca0871,/data_center/data2/dataset/chenwy/21164-data/dpo_dataset/u2net_next_inpainting/HPDv3/real/ea313854-6eb5-4303-be48-541526ca0871.png,Food
4ef10811-69d4-4cd1-b1ab-a47cb6356894,/data_center/data2/dataset/chenwy/21164-data/dpo_dataset/u2net_next_inpainting/HPDv3/real/4ef10811-69d4-4cd1-b1ab-a47cb6356894.png,Characters
411e5321-ccf7-44cb-a207-9579a394a0b3,/data_center/data2/dataset/chenwy/21164-data/dpo_dataset/u2net_next_inpainting/HPDv3/real/411e5321-ccf7-44cb-a207-9579a394a0b3.png,Food
b4fe6577-f111-4ada-9670-567645ef550e,/data_center/data2/dataset/chenwy/21164-data/dpo_dataset/u2net_next_inpainting/HPDv3/real/b4fe6577-f111-4ada-9670-567645ef550e.png,Transportation
23c5ff91-aac4-4b15-b32a-08da87ec9f41,/data_center/data2/dataset/chenwy/21164-data/dpo_dataset/u2net_next_inpainting/HPDv3/real/23c5ff91-aac4-4b15-b32a-08da87ec9f41.png,Characters
70c8f0a0-a9bd-4137-aad7-b24a15f2cf2a,/data_center/data2/dataset/chenwy/21164-data/dpo_dataset/u2net_next_inpainting/HPDv3/real/70c8f0a0-a9bd-4137-aad7-b24a15f2cf2a.png,Characters
89c1b69d-7adc-494c-b383-7e819a88efa5,/data_center/data2/dataset/chenwy/21164-data/dpo_dataset/u2net_next_inpainting/HPDv3/real/89c1b69d-7adc-494c-b383-7e819a88efa5.png,Characters
110add22-078f-4c74-bfe3-249e866b01ed,/data_center/data2/dataset/chenwy/21164-data/dpo_dataset/u2net_next_inpainting/HPDv3/real/110add22-078f-4c74-bfe3-249e866b01ed.png,Food
8da13dde-5feb-4727-8704-325021b0550c,/data_center/data2/dataset/chenwy/21164-data/dpo_dataset/u2net_next_inpainting/HPDv3/real/8da13dde-5feb-4727-8704-325021b0550c.png,Characters
a3a582b7-e3e4-4834-a351-f28a468c01f8,/data_center/data2/dataset/chenwy/21164-data/dpo_dataset/u2net_next_inpainting/HPDv3/real/a3a582b7-e3e4-4834-a351-f28a468c01f8.png,Food
6285e963-1552-4daa-b47b-1d1750b514d9,/data_center/data2/dataset/chenwy/21164-data/dpo_dataset/u2net_next_inpainting/HPDv3/real/6285e963-1552-4daa-b47b-1d1750b514d9.png,Architecture
dc1cc93a-3317-4402-ada5-a67d09e3ec43,/data_center/data2/dataset/chenwy/21164-data/dpo_dataset/u2net_next_inpainting/HPDv3/real/dc1cc93a-3317-4402-ada5-a67d09e3ec43.png,Architecture
c82d589c-b312-4c13-a69d-68b0b3906852,/data_center/data2/dataset/chenwy/21164-data/dpo_dataset/u2net_next_inpainting/HPDv3/real/c82d589c-b312-4c13-a69d-68b0b3906852.png,Animals
ea01d0ba-3a72-490d-bef4-7d14e51a195b,/data_center/data2/dataset/chenwy/21164-data/dpo_dataset/u2net_next_inpainting/HPDv3/real/ea01d0ba-3a72-490d-bef4-7d14e51a195b.png,Science
e947c76b-ad90-4c81-a941-51338b1f69ec,/data_center/data2/dataset/chenwy/21164-data/dpo_dataset/u2net_next_inpainting/HPDv3/real/e947c76b-ad90-4c81-a941-51338b1f69ec.png,Arts
abedf3a6-74fe-4642-8617-83724929e2e8,/data_center/data2/dataset/chenwy/21164-data/dpo_dataset/u2net_next_inpainting/HPDv3/real/abedf3a6-74fe-4642-8617-83724929e2e8.png,Others
814c1e42-f18b-4980-be27-e6637e07ddf8,/data_center/data2/dataset/chenwy/21164-data/dpo_dataset/u2net_next_inpainting/HPDv3/real/814c1e42-f18b-4980-be27-e6637e07ddf8.png,Characters
4f431069-a293-4e17-af73-62b3a42ff408,/data_center/data2/dataset/chenwy/21164-data/dpo_dataset/u2net_next_inpainting/HPDv3/real/4f431069-a293-4e17-af73-62b3a42ff408.png,Characters
6dc58689-9a10-4b49-8cab-c4e21aab4555,/data_center/data2/dataset/chenwy/21164-data/dpo_dataset/u2net_next_inpainting/HPDv3/real/6dc58689-9a10-4b49-8cab-c4e21aab4555.png,Natural Scenery
18a3a010-419c-4296-b8d2-7929c158e35a,/data_center/data2/dataset/chenwy/21164-data/dpo_dataset/u2net_next_inpainting/HPDv3/real/18a3a010-419c-4296-b8d2-7929c158e35a.png,Characters
94f0202f-d238-4d6e-8b2b-e64d3d494570,/data_center/data2/dataset/chenwy/21164-data/dpo_dataset/u2net_next_inpainting/HPDv3/real/94f0202f-d238-4d6e-8b2b-e64d3d494570.png,Characters
80f307e4-bdb5-46ab-b25a-e9b78eba0df5,/data_center/data2/dataset/chenwy/21164-data/dpo_dataset/u2net_next_inpainting/HPDv3/real/80f307e4-bdb5-46ab-b25a-e9b78eba0df5.png,Animals
a6df7d38-6b85-4113-851a-a9efb5f631ed,/data_center/data2/dataset/chenwy/21164-data/dpo_dataset/u2net_next_inpainting/HPDv3/real/a6df7d38-6b85-4113-851a-a9efb5f631ed.png,Others
8cc52769-4533-4017-a1eb-c83879142927,/data_center/data2/dataset/chenwy/21164-data/dpo_dataset/u2net_next_inpainting/HPDv3/real/8cc52769-4533-4017-a1eb-c83879142927.png,Architecture
173c2a9a-17e1-4ef8-8267-7effbdbab90a,/data_center/data2/dataset/chenwy/21164-data/dpo_dataset/u2net_next_inpainting/HPDv3/real/173c2a9a-17e1-4ef8-8267-7effbdbab90a.png,Characters
a6e738ac-7ed1-4ae9-af0e-7560e0c0bf36,/data_center/data2/dataset/chenwy/21164-data/dpo_dataset/u2net_next_inpainting/HPDv3/real/a6e738ac-7ed1-4ae9-af0e-7560e0c0bf36.png,Animals
e42ef360-bb7b-4cd9-8653-a3d86e930a60,/data_center/data2/dataset/chenwy/21164-data/dpo_dataset/u2net_next_inpainting/HPDv3/real/e42ef360-bb7b-4cd9-8653-a3d86e930a60.png,Characters
85001774-dddd-498f-8bcd-b1ec6d815e44,/data_center/data2/dataset/chenwy/21164-data/dpo_dataset/u2net_next_inpainting/HPDv3/real/85001774-dddd-498f-8bcd-b1ec6d815e44.png,Food
5466d2de-fed6-45e2-afe8-77e245772809,/data_center/data2/dataset/chenwy/21164-data/dpo_dataset/u2net_next_inpainting/HPDv3/real/5466d2de-fed6-45e2-afe8-77e245772809.png,Characters
894747b0-d4d0-4f86-9988-e6c947dc13d0,/data_center/data2/dataset/chenwy/21164-data/dpo_dataset/u2net_next_inpainting/HPDv3/real/894747b0-d4d0-4f86-9988-e6c947dc13d0.png,Products
ae71fc69-a54e-457f-9f5b-427495f67492,/data_center/data2/dataset/chenwy/21164-data/dpo_dataset/u2net_next_inpainting/HPDv3/real/ae71fc69-a54e-457f-9f5b-427495f67492.png,Food
d62ff2ba-7f21-48bf-88ee-d0aae177f5cf,/data_center/data2/dataset/chenwy/21164-data/dpo_dataset/u2net_next_inpainting/HPDv3/real/d62ff2ba-7f21-48bf-88ee-d0aae177f5cf.png,Food
93e5f118-3635-4090-afe0-ff3bfb68fa53,/data_center/data2/dataset/chenwy/21164-data/dpo_dataset/u2net_next_inpainting/HPDv3/real/93e5f118-3635-4090-afe0-ff3bfb68fa53.png,Characters
b50f11e7-af55-477b-ade6-e805532b8db1,/data_center/data2/dataset/chenwy/21164-data/dpo_dataset/u2net_next_inpainting/HPDv3/real/b50f11e7-af55-477b-ade6-e805532b8db1.png,Characters
9b740efa-229a-42e4-8dca-696b52406ce8,/data_center/data2/dataset/chenwy/21164-data/dpo_dataset/u2net_next_inpainting/HPDv3/real/9b740efa-229a-42e4-8dca-696b52406ce8.png,Natural Scenery
b8caa78c-ecdc-4a7e-9b76-e39473725b3d,/data_center/data2/dataset/chenwy/21164-data/dpo_dataset/u2net_next_inpainting/HPDv3/real/b8caa78c-ecdc-4a7e-9b76-e39473725b3d.png,Characters
93d8420b-957a-4a75-8ca6-ce12acb60fa3,/data_center/data2/dataset/chenwy/21164-data/dpo_dataset/u2net_next_inpainting/HPDv3/real/93d8420b-957a-4a75-8ca6-ce12acb60fa3.png,Transportation
69e3a87e-5caf-4142-8414-c28265cf7bfd,/data_center/data2/dataset/chenwy/21164-data/dpo_dataset/u2net_next_inpainting/HPDv3/real/69e3a87e-5caf-4142-8414-c28265cf7bfd.png,Design
6dc4dd3d-e040-46a3-a9ab-497436910021,/data_center/data2/dataset/chenwy/21164-data/dpo_dataset/u2net_next_inpainting/HPDv3/real/6dc4dd3d-e040-46a3-a9ab-497436910021.png,Food
39b787d9-c068-40ca-bacd-319248f67de0,/data_center/data2/dataset/chenwy/21164-data/dpo_dataset/u2net_next_inpainting/HPDv3/real/39b787d9-c068-40ca-bacd-319248f67de0.png,Architecture
07e1795f-c663-4764-8b23-e6ee19a494c4,/data_center/data2/dataset/chenwy/21164-data/dpo_dataset/u2net_next_inpainting/HPDv3/real/07e1795f-c663-4764-8b23-e6ee19a494c4.png,Characters
82c146aa-91b7-4fa7-a3ca-43dfbdd980cf,/data_center/data2/dataset/chenwy/21164-data/dpo_dataset/u2net_next_inpainting/HPDv3/real/82c146aa-91b7-4fa7-a3ca-43dfbdd980cf.png,Characters
ca781189-8674-4c9d-8cf0-877e7253508a,/data_center/data2/dataset/chenwy/21164-data/dpo_dataset/u2net_next_inpainting/HPDv3/real/ca781189-8674-4c9d-8cf0-877e7253508a.png,Characters
c858e7f4-af22-48da-b506-b837a8027c62,/data_center/data2/dataset/chenwy/21164-data/dpo_dataset/u2net_next_inpainting/HPDv3/real/c858e7f4-af22-48da-b506-b837a8027c62.png,Architecture
ea48dde9-e850-40ec-98a8-3d7216088c35,/data_center/data2/dataset/chenwy/21164-data/dpo_dataset/u2net_next_inpainting/HPDv3/real/ea48dde9-e850-40ec-98a8-3d7216088c35.png,Animals
fd74cb63-320c-4458-9017-d7041af1bdfa,/data_center/data2/dataset/chenwy/21164-data/dpo_dataset/u2net_next_inpainting/HPDv3/real/fd74cb63-320c-4458-9017-d7041af1bdfa.png,Animals
c7883540-c62d-4aba-81e0-aab3abdba46f,/data_center/data2/dataset/chenwy/21164-data/dpo_dataset/u2net_next_inpainting/HPDv3/real/c7883540-c62d-4aba-81e0-aab3abdba46f.png,Characters
5ccbddb9-c9b8-4208-9c73-92b477d989c9,/data_center/data2/dataset/chenwy/21164-data/dpo_dataset/u2net_next_inpainting/HPDv3/real/5ccbddb9-c9b8-4208-9c73-92b477d989c9.png,Architecture
f933d94f-3da4-402f-a7a6-b186c2ea8d10,/data_center/data2/dataset/chenwy/21164-data/dpo_dataset/u2net_next_inpainting/HPDv3/real/f933d94f-3da4-402f-a7a6-b186c2ea8d10.png,Characters
075eb89a-b55a-48bb-8594-873f5de3cbf4,/data_center/data2/dataset/chenwy/21164-data/dpo_dataset/u2net_next_inpainting/HPDv3/real/075eb89a-b55a-48bb-8594-873f5de3cbf4.png,Architecture
34da6c71-6fc4-4dec-9662-c5100491d2b0,/data_center/data2/dataset/chenwy/21164-data/dpo_dataset/u2net_next_inpainting/HPDv3/real/34da6c71-6fc4-4dec-9662-c5100491d2b0.png,Architecture
1026d248-fc8d-404b-84aa-b73953651d12,/data_center/data2/dataset/chenwy/21164-data/dpo_dataset/u2net_next_inpainting/HPDv3/real/1026d248-fc8d-404b-84aa-b73953651d12.png,Animals
814560bb-edb7-40af-8f8c-d90c6970d912,/data_center/data2/dataset/chenwy/21164-data/dpo_dataset/u2net_next_inpainting/HPDv3/real/814560bb-edb7-40af-8f8c-d90c6970d912.png,Transportation
752dffb7-6ad1-4886-a1d7-a3553394d47e,/data_center/data2/dataset/chenwy/21164-data/dpo_dataset/u2net_next_inpainting/HPDv3/real/752dffb7-6ad1-4886-a1d7-a3553394d47e.png,Animals
10b08f42-f1f4-4ee4-b07a-055a67dffd8c,/data_center/data2/dataset/chenwy/21164-data/dpo_dataset/u2net_next_inpainting/HPDv3/real/10b08f42-f1f4-4ee4-b07a-055a67dffd8c.png,Architecture
f4270943-080b-4ce1-be37-2efdedeb0a6c,/data_center/data2/dataset/chenwy/21164-data/dpo_dataset/u2net_next_inpainting/HPDv3/real/f4270943-080b-4ce1-be37-2efdedeb0a6c.png,Animals
abe1c70d-7fed-462f-a725-64f7ca09c5b3,/data_center/data2/dataset/chenwy/21164-data/dpo_dataset/u2net_next_inpainting/HPDv3/real/abe1c70d-7fed-462f-a725-64f7ca09c5b3.png,Transportation
1fa14bfd-ea53-4434-99b5-c3a0cb815ea7,/data_center/data2/dataset/chenwy/21164-data/dpo_dataset/u2net_next_inpainting/HPDv3/real/1fa14bfd-ea53-4434-99b5-c3a0cb815ea7.png,Characters
7d25cfcd-7884-4452-9bf3-e447abc67e25,/data_center/data2/dataset/chenwy/21164-data/dpo_dataset/u2net_next_inpainting/HPDv3/real/7d25cfcd-7884-4452-9bf3-e447abc67e25.png,Science
80d340e2-f22d-4da0-8692-94ce52281b65,/data_center/data2/dataset/chenwy/21164-data/dpo_dataset/u2net_next_inpainting/HPDv3/real/80d340e2-f22d-4da0-8692-94ce52281b65.png,Characters
6c8ef0c3-edbd-45e3-a3d9-cc27dd48c9bb,/data_center/data2/dataset/chenwy/21164-data/dpo_dataset/u2net_next_inpainting/HPDv3/real/6c8ef0c3-edbd-45e3-a3d9-cc27dd48c9bb.png,Characters
056761ea-716c-45e5-b066-fbd9baa20189,/data_center/data2/dataset/chenwy/21164-data/dpo_dataset/u2net_next_inpainting/HPDv3/real/056761ea-716c-45e5-b066-fbd9baa20189.png,Natural Scenery
d6efbfec-0193-4a22-8616-9ef198b6c864,/data_center/data2/dataset/chenwy/21164-data/dpo_dataset/u2net_next_inpainting/HPDv3/real/d6efbfec-0193-4a22-8616-9ef198b6c864.png,Natural Scenery
f6d6719b-1b24-4dd0-bac5-0adebf28c7e3,/data_center/data2/dataset/chenwy/21164-data/dpo_dataset/u2net_next_inpainting/HPDv3/real/f6d6719b-1b24-4dd0-bac5-0adebf28c7e3.png,Architecture
17ef6474-f122-4e11-b339-3d5b0a4344e7,/data_center/data2/dataset/chenwy/21164-data/dpo_dataset/u2net_next_inpainting/HPDv3/real/17ef6474-f122-4e11-b339-3d5b0a4344e7.png,Transportation
dbf527c1-86d3-4940-926d-82ff7da70e10,/data_center/data2/dataset/chenwy/21164-data/dpo_dataset/u2net_next_inpainting/HPDv3/real/dbf527c1-86d3-4940-926d-82ff7da70e10.png,Natural Scenery
667bba55-eae6-46b5-b574-8e2a12a250ee,/data_center/data2/dataset/chenwy/21164-data/dpo_dataset/u2net_next_inpainting/HPDv3/real/667bba55-eae6-46b5-b574-8e2a12a250ee.png,Characters
40011ba3-8118-4f57-a46e-3dd65b9003cd,/data_center/data2/dataset/chenwy/21164-data/dpo_dataset/u2net_next_inpainting/HPDv3/real/40011ba3-8118-4f57-a46e-3dd65b9003cd.png,Others
447f42c8-25dd-40eb-a4df-f52a7b93f50b,/data_center/data2/dataset/chenwy/21164-data/dpo_dataset/u2net_next_inpainting/HPDv3/real/447f42c8-25dd-40eb-a4df-f52a7b93f50b.png,Food
b9b8dc11-fa65-4082-80aa-709d94ad1938,/data_center/data2/dataset/chenwy/21164-data/dpo_dataset/u2net_next_inpainting/HPDv3/real/b9b8dc11-fa65-4082-80aa-709d94ad1938.png,Animals
32cdd2c1-6abf-4881-854c-c4e795628420,/data_center/data2/dataset/chenwy/21164-data/dpo_dataset/u2net_next_inpainting/HPDv3/real/32cdd2c1-6abf-4881-854c-c4e795628420.png,Others
ac05fc9e-18e1-4a64-a575-504360f8b47a,/data_center/data2/dataset/chenwy/21164-data/dpo_dataset/u2net_next_inpainting/HPDv3/real/ac05fc9e-18e1-4a64-a575-504360f8b47a.png,Characters
4af55341-65f0-4e0f-ae73-332bf08dd3f4,/data_center/data2/dataset/chenwy/21164-data/dpo_dataset/u2net_next_inpainting/HPDv3/real/4af55341-65f0-4e0f-ae73-332bf08dd3f4.png,Transportation
5d047d8e-fc9d-4318-9438-ed2438b461ca,/data_center/data2/dataset/chenwy/21164-data/dpo_dataset/u2net_next_inpainting/HPDv3/real/5d047d8e-fc9d-4318-9438-ed2438b461ca.png,Characters
54735f6f-8a36-4c56-a0d6-6f7b2bf69882,/data_center/data2/dataset/chenwy/21164-data/dpo_dataset/u2net_next_inpainting/HPDv3/real/54735f6f-8a36-4c56-a0d6-6f7b2bf69882.png,Others
cf72c9aa-9223-4f0f-933c-c5db1f286669,/data_center/data2/dataset/chenwy/21164-data/dpo_dataset/u2net_next_inpainting/HPDv3/real/cf72c9aa-9223-4f0f-933c-c5db1f286669.png,Characters
b7969916-a58b-408e-ac8f-672eaa9523c2,/data_center/data2/dataset/chenwy/21164-data/dpo_dataset/u2net_next_inpainting/HPDv3/real/b7969916-a58b-408e-ac8f-672eaa9523c2.png,Characters
0a75de86-bad0-4302-b984-8441bde8aea1,/data_center/data2/dataset/chenwy/21164-data/dpo_dataset/u2net_next_inpainting/HPDv3/real/0a75de86-bad0-4302-b984-8441bde8aea1.png,Transportation
756a72c8-dab6-4daa-ad6c-fd48e8b898cc,/data_center/data2/dataset/chenwy/21164-data/dpo_dataset/u2net_next_inpainting/HPDv3/real/756a72c8-dab6-4daa-ad6c-fd48e8b898cc.png,Architecture
051dfef6-7ef9-4887-bde0-a5f68c5dfcb0,/data_center/data2/dataset/chenwy/21164-data/dpo_dataset/u2net_next_inpainting/HPDv3/real/051dfef6-7ef9-4887-bde0-a5f68c5dfcb0.png,Animals
c6b624ba-6ddc-4985-b752-83ed28eb0ba3,/data_center/data2/dataset/chenwy/21164-data/dpo_dataset/u2net_next_inpainting/HPDv3/real/c6b624ba-6ddc-4985-b752-83ed28eb0ba3.png,Animals
b85d2fba-279e-4531-81b6-86ac44bb41ce,/data_center/data2/dataset/chenwy/21164-data/dpo_dataset/u2net_next_inpainting/HPDv3/real/b85d2fba-279e-4531-81b6-86ac44bb41ce.png,Transportation
4d9b3df8-0cea-4538-8577-01e329551de9,/data_center/data2/dataset/chenwy/21164-data/dpo_dataset/u2net_next_inpainting/HPDv3/real/4d9b3df8-0cea-4538-8577-01e329551de9.png,Animals
43208b73-e146-4aff-9baf-40e22d6ac68b,/data_center/data2/dataset/chenwy/21164-data/dpo_dataset/u2net_next_inpainting/HPDv3/real/43208b73-e146-4aff-9baf-40e22d6ac68b.png,Animals
957d801d-c5ba-498f-a382-c0f61d4ba343,/data_center/data2/dataset/chenwy/21164-data/dpo_dataset/u2net_next_inpainting/HPDv3/real/957d801d-c5ba-498f-a382-c0f61d4ba343.png,Natural Scenery
39a785b5-25f3-4d19-9d4c-ee377d42f6d1,/data_center/data2/dataset/chenwy/21164-data/dpo_dataset/u2net_next_inpainting/HPDv3/real/39a785b5-25f3-4d19-9d4c-ee377d42f6d1.png,Characters
871a416c-0feb-4952-b600-45cf84cb1865,/data_center/data2/dataset/chenwy/21164-data/dpo_dataset/u2net_next_inpainting/HPDv3/real/871a416c-0feb-4952-b600-45cf84cb1865.png,Characters
e3e09485-cd7f-4701-a27b-adb744e3ce61,/data_center/data2/dataset/chenwy/21164-data/dpo_dataset/u2net_next_inpainting/HPDv3/real/e3e09485-cd7f-4701-a27b-adb744e3ce61.png,Animals
35e595b2-eb43-48e8-9eb8-a10072ccf168,/data_center/data2/dataset/chenwy/21164-data/dpo_dataset/u2net_next_inpainting/HPDv3/real/35e595b2-eb43-48e8-9eb8-a10072ccf168.png,Characters
8de5bb9d-c2b3-4518-93dc-5b12552c18c2,/data_center/data2/dataset/chenwy/21164-data/dpo_dataset/u2net_next_inpainting/HPDv3/real/8de5bb9d-c2b3-4518-93dc-5b12552c18c2.png,Food
2d56a1f6-c1db-4600-b8ca-6e5b49e7763f,/data_center/data2/dataset/chenwy/21164-data/dpo_dataset/u2net_next_inpainting/HPDv3/real/2d56a1f6-c1db-4600-b8ca-6e5b49e7763f.png,Characters
27eca220-56b0-4f5b-81db-d088241210fe,/data_center/data2/dataset/chenwy/21164-data/dpo_dataset/u2net_next_inpainting/HPDv3/real/27eca220-56b0-4f5b-81db-d088241210fe.png,Architecture
c40e6bd0-b8f5-4796-b510-48955bb304c8,/data_center/data2/dataset/chenwy/21164-data/dpo_dataset/u2net_next_inpainting/HPDv3/real/c40e6bd0-b8f5-4796-b510-48955bb304c8.png,Characters
c2b2b60f-c109-4fad-9546-20d61a8350f0,/data_center/data2/dataset/chenwy/21164-data/dpo_dataset/u2net_next_inpainting/HPDv3/real/c2b2b60f-c109-4fad-9546-20d61a8350f0.png,Design
bfe839ea-eb31-4e7d-b462-defc55457b98,/data_center/data2/dataset/chenwy/21164-data/dpo_dataset/u2net_next_inpainting/HPDv3/real/bfe839ea-eb31-4e7d-b462-defc55457b98.png,Characters
0cea5af7-1fd8-4cac-b74d-8f21fc5ae6ab,/data_center/data2/dataset/chenwy/21164-data/dpo_dataset/u2net_next_inpainting/HPDv3/real/0cea5af7-1fd8-4cac-b74d-8f21fc5ae6ab.png,Transportation
019c68df-3fec-4437-8b5e-e34877ab19bd,/data_center/data2/dataset/chenwy/21164-data/dpo_dataset/u2net_next_inpainting/HPDv3/real/019c68df-3fec-4437-8b5e-e34877ab19bd.png,Characters
58e7b0fd-0792-44ab-8262-5043725c3cda,/data_center/data2/dataset/chenwy/21164-data/dpo_dataset/u2net_next_inpainting/HPDv3/real/58e7b0fd-0792-44ab-8262-5043725c3cda.png,Others
1f89376b-9a5d-4a72-9b5f-12f3eaff69de,/data_center/data2/dataset/chenwy/21164-data/dpo_dataset/u2net_next_inpainting/HPDv3/real/1f89376b-9a5d-4a72-9b5f-12f3eaff69de.png,Characters
f56249cb-49c7-41a3-a916-b430c679ec93,/data_center/data2/dataset/chenwy/21164-data/dpo_dataset/u2net_next_inpainting/HPDv3/real/f56249cb-49c7-41a3-a916-b430c679ec93.png,Animals
9a3b9f18-f490-4b35-b986-e0659cf2d608,/data_center/data2/dataset/chenwy/21164-data/dpo_dataset/u2net_next_inpainting/HPDv3/real/9a3b9f18-f490-4b35-b986-e0659cf2d608.png,Architecture
4fa03a9a-0c9d-4836-8c43-83005418fa54,/data_center/data2/dataset/chenwy/21164-data/dpo_dataset/u2net_next_inpainting/HPDv3/real/4fa03a9a-0c9d-4836-8c43-83005418fa54.png,Architecture
19da2d5b-eeb6-45f4-ba64-0f91afa76d77,/data_center/data2/dataset/chenwy/21164-data/dpo_dataset/u2net_next_inpainting/HPDv3/real/19da2d5b-eeb6-45f4-ba64-0f91afa76d77.png,Others
67f6cf45-6786-44d0-8ffa-740ee5640600,/data_center/data2/dataset/chenwy/21164-data/dpo_dataset/u2net_next_inpainting/HPDv3/real/67f6cf45-6786-44d0-8ffa-740ee5640600.png,Products
e6de983e-458a-4e37-b3ec-a55c963e2309,/data_center/data2/dataset/chenwy/21164-data/dpo_dataset/u2net_next_inpainting/HPDv3/real/e6de983e-458a-4e37-b3ec-a55c963e2309.png,Animals
3401b489-5284-4c14-9a7d-e704278023b3,/data_center/data2/dataset/chenwy/21164-data/dpo_dataset/u2net_next_inpainting/HPDv3/real/3401b489-5284-4c14-9a7d-e704278023b3.png,Animals
8393bea9-bff8-4562-9dda-ddfdff814119,/data_center/data2/dataset/chenwy/21164-data/dpo_dataset/u2net_next_inpainting/HPDv3/real/8393bea9-bff8-4562-9dda-ddfdff814119.png,Food
8a6c462d-f255-4eac-ae21-d67e103d7769,/data_center/data2/dataset/chenwy/21164-data/dpo_dataset/u2net_next_inpainting/HPDv3/real/8a6c462d-f255-4eac-ae21-d67e103d7769.png,Characters
65e38e90-c111-42da-91bd-3e1a2eaa4883,/data_center/data2/dataset/chenwy/21164-data/dpo_dataset/u2net_next_inpainting/HPDv3/real/65e38e90-c111-42da-91bd-3e1a2eaa4883.png,Characters
590d1979-09b7-4e56-b6e3-0481aeb4b3ab,/data_center/data2/dataset/chenwy/21164-data/dpo_dataset/u2net_next_inpainting/HPDv3/real/590d1979-09b7-4e56-b6e3-0481aeb4b3ab.png,Characters
6539961c-5f21-4698-95c7-e135f1a74cc3,/data_center/data2/dataset/chenwy/21164-data/dpo_dataset/u2net_next_inpainting/HPDv3/real/6539961c-5f21-4698-95c7-e135f1a74cc3.png,Transportation
28df0011-ee77-4514-be03-12a0558fb7d0,/data_center/data2/dataset/chenwy/21164-data/dpo_dataset/u2net_next_inpainting/HPDv3/real/28df0011-ee77-4514-be03-12a0558fb7d0.png,Natural Scenery
2d4962fd-8745-437a-840a-862a61c23f88,/data_center/data2/dataset/chenwy/21164-data/dpo_dataset/u2net_next_inpainting/HPDv3/real/2d4962fd-8745-437a-840a-862a61c23f88.png,Food
df3c8143-e4e4-4e6c-a286-831274e1cbe2,/data_center/data2/dataset/chenwy/21164-data/dpo_dataset/u2net_next_inpainting/HPDv3/real/df3c8143-e4e4-4e6c-a286-831274e1cbe2.png,Characters
f7c6e5eb-a30f-4f69-aea1-aa2ff48621cd,/data_center/data2/dataset/chenwy/21164-data/dpo_dataset/u2net_next_inpainting/HPDv3/real/f7c6e5eb-a30f-4f69-aea1-aa2ff48621cd.png,Characters
dc190d86-c239-44a5-ae16-7998bff8a830,/data_center/data2/dataset/chenwy/21164-data/dpo_dataset/u2net_next_inpainting/HPDv3/real/dc190d86-c239-44a5-ae16-7998bff8a830.png,Architecture
d8840042-8f66-4d71-8465-ba6403a47084,/data_center/data2/dataset/chenwy/21164-data/dpo_dataset/u2net_next_inpainting/HPDv3/real/d8840042-8f66-4d71-8465-ba6403a47084.png,Others
ba922c12-9ecf-44f0-8033-fb2b6338554d,/data_center/data2/dataset/chenwy/21164-data/dpo_dataset/u2net_next_inpainting/HPDv3/real/ba922c12-9ecf-44f0-8033-fb2b6338554d.png,Food
51714935-9605-4c33-8912-a7491c403056,/data_center/data2/dataset/chenwy/21164-data/dpo_dataset/u2net_next_inpainting/HPDv3/real/51714935-9605-4c33-8912-a7491c403056.png,Natural Scenery
91db868b-b575-41cc-9520-2674b528ffaa,/data_center/data2/dataset/chenwy/21164-data/dpo_dataset/u2net_next_inpainting/HPDv3/real/91db868b-b575-41cc-9520-2674b528ffaa.png,Characters
865ef480-1405-44a9-9a0e-84e78d5ec5d1,/data_center/data2/dataset/chenwy/21164-data/dpo_dataset/u2net_next_inpainting/HPDv3/real/865ef480-1405-44a9-9a0e-84e78d5ec5d1.png,Transportation
9a7db80e-add6-4bd7-a377-306124908e85,/data_center/data2/dataset/chenwy/21164-data/dpo_dataset/u2net_next_inpainting/HPDv3/real/9a7db80e-add6-4bd7-a377-306124908e85.png,Others
b4ef5ab6-7f14-4ad6-91f8-76848b903c2d,/data_center/data2/dataset/chenwy/21164-data/dpo_dataset/u2net_next_inpainting/HPDv3/real/b4ef5ab6-7f14-4ad6-91f8-76848b903c2d.png,Animals
1720b231-5bb9-4913-a5db-3ef8ab7485b7,/data_center/data2/dataset/chenwy/21164-data/dpo_dataset/u2net_next_inpainting/HPDv3/real/1720b231-5bb9-4913-a5db-3ef8ab7485b7.png,Characters
404a9516-4050-480d-9fcc-5a562ad0e4a9,/data_center/data2/dataset/chenwy/21164-data/dpo_dataset/u2net_next_inpainting/HPDv3/real/404a9516-4050-480d-9fcc-5a562ad0e4a9.png,Animals
f94a799e-a24e-4a14-923e-157cd29421a9,/data_center/data2/dataset/chenwy/21164-data/dpo_dataset/u2net_next_inpainting/HPDv3/real/f94a799e-a24e-4a14-923e-157cd29421a9.png,Characters
ce22c5e2-1501-4a7a-9aba-826aa3ca2bcd,/data_center/data2/dataset/chenwy/21164-data/dpo_dataset/u2net_next_inpainting/HPDv3/real/ce22c5e2-1501-4a7a-9aba-826aa3ca2bcd.png,Others
5c999ddd-7ff7-4ec0-94a4-e152cb9d5be7,/data_center/data2/dataset/chenwy/21164-data/dpo_dataset/u2net_next_inpainting/HPDv3/real/5c999ddd-7ff7-4ec0-94a4-e152cb9d5be7.png,Others
d1ddcc04-4bf9-431f-aa7e-5156ea1fa981,/data_center/data2/dataset/chenwy/21164-data/dpo_dataset/u2net_next_inpainting/HPDv3/real/d1ddcc04-4bf9-431f-aa7e-5156ea1fa981.png,Characters
ca17d241-e7cd-4cfe-873a-c18450a38913,/data_center/data2/dataset/chenwy/21164-data/dpo_dataset/u2net_next_inpainting/HPDv3/real/ca17d241-e7cd-4cfe-873a-c18450a38913.png,Characters
0a0c6600-9129-4d1f-85d7-1993d3b2c332,/data_center/data2/dataset/chenwy/21164-data/dpo_dataset/u2net_next_inpainting/HPDv3/real/0a0c6600-9129-4d1f-85d7-1993d3b2c332.png,Architecture
f695a023-069a-41bb-9621-3472db82d74f,/data_center/data2/dataset/chenwy/21164-data/dpo_dataset/u2net_next_inpainting/HPDv3/real/f695a023-069a-41bb-9621-3472db82d74f.png,Architecture
366db94f-5755-4540-b1da-513c0859915c,/data_center/data2/dataset/chenwy/21164-data/dpo_dataset/u2net_next_inpainting/HPDv3/real/366db94f-5755-4540-b1da-513c0859915c.png,Characters
a1473ea4-4e4a-4001-999d-8b0241110d83,/data_center/data2/dataset/chenwy/21164-data/dpo_dataset/u2net_next_inpainting/HPDv3/real/a1473ea4-4e4a-4001-999d-8b0241110d83.png,Characters
e10451d9-57ed-45b3-bd20-468237807cfb,/data_center/data2/dataset/chenwy/21164-data/dpo_dataset/u2net_next_inpainting/HPDv3/real/e10451d9-57ed-45b3-bd20-468237807cfb.png,Food
00543cf9-8359-4822-9572-8fb2659b3a98,/data_center/data2/dataset/chenwy/21164-data/dpo_dataset/u2net_next_inpainting/HPDv3/real/00543cf9-8359-4822-9572-8fb2659b3a98.png,Characters
778e78c6-199b-49a8-bf95-2572f4d05d11,/data_center/data2/dataset/chenwy/21164-data/dpo_dataset/u2net_next_inpainting/HPDv3/real/778e78c6-199b-49a8-bf95-2572f4d05d11.png,Characters
41406753-bec5-433b-a829-5b88c96c9c05,/data_center/data2/dataset/chenwy/21164-data/dpo_dataset/u2net_next_inpainting/HPDv3/real/41406753-bec5-433b-a829-5b88c96c9c05.png,Food
64b4413f-d1cb-41ca-bd68-f00e8c9e4e8c,/data_center/data2/dataset/chenwy/21164-data/dpo_dataset/u2net_next_inpainting/HPDv3/real/64b4413f-d1cb-41ca-bd68-f00e8c9e4e8c.png,Architecture
0d8f56ef-0914-491c-944b-216f4022e929,/data_center/data2/dataset/chenwy/21164-data/dpo_dataset/u2net_next_inpainting/HPDv3/real/0d8f56ef-0914-491c-944b-216f4022e929.png,Food
37585532-8f0b-4c2d-afef-06b3fbeb0be1,/data_center/data2/dataset/chenwy/21164-data/dpo_dataset/u2net_next_inpainting/HPDv3/real/37585532-8f0b-4c2d-afef-06b3fbeb0be1.png,Characters
4f632f2a-a168-4f5f-a701-b13a07289ab8,/data_center/data2/dataset/chenwy/21164-data/dpo_dataset/u2net_next_inpainting/HPDv3/real/4f632f2a-a168-4f5f-a701-b13a07289ab8.png,Food
f2d65451-afdb-42d3-957a-92c54eff77f5,/data_center/data2/dataset/chenwy/21164-data/dpo_dataset/u2net_next_inpainting/HPDv3/real/f2d65451-afdb-42d3-957a-92c54eff77f5.png,Characters
2dc61322-5efd-4564-8815-223e7f6b22c8,/data_center/data2/dataset/chenwy/21164-data/dpo_dataset/u2net_next_inpainting/HPDv3/real/2dc61322-5efd-4564-8815-223e7f6b22c8.png,Animals
a6057403-a59d-43a5-90a0-219abb8e2ba9,/data_center/data2/dataset/chenwy/21164-data/dpo_dataset/u2net_next_inpainting/HPDv3/real/a6057403-a59d-43a5-90a0-219abb8e2ba9.png,Food
112366ef-56c6-441a-9792-f482a7440dc6,/data_center/data2/dataset/chenwy/21164-data/dpo_dataset/u2net_next_inpainting/HPDv3/real/112366ef-56c6-441a-9792-f482a7440dc6.png,Animals
c404b80c-3c1c-4d63-b40d-440168644a0e,/data_center/data2/dataset/chenwy/21164-data/dpo_dataset/u2net_next_inpainting/HPDv3/real/c404b80c-3c1c-4d63-b40d-440168644a0e.png,Food
10696b91-7de0-48c9-8cd1-9e78d12e2916,/data_center/data2/dataset/chenwy/21164-data/dpo_dataset/u2net_next_inpainting/HPDv3/real/10696b91-7de0-48c9-8cd1-9e78d12e2916.png,Characters
f93e99fd-4228-4df4-95c3-62299fe7aca0,/data_center/data2/dataset/chenwy/21164-data/dpo_dataset/u2net_next_inpainting/HPDv3/real/f93e99fd-4228-4df4-95c3-62299fe7aca0.png,Food
e92c7e6f-0132-48c6-8864-1cad182ebaf9,/data_center/data2/dataset/chenwy/21164-data/dpo_dataset/u2net_next_inpainting/HPDv3/real/e92c7e6f-0132-48c6-8864-1cad182ebaf9.png,Architecture
6b9ae66b-0c04-4b8b-8855-7b9621ab0bae,/data_center/data2/dataset/chenwy/21164-data/dpo_dataset/u2net_next_inpainting/HPDv3/real/6b9ae66b-0c04-4b8b-8855-7b9621ab0bae.png,Characters
20fbe545-ab6c-42dc-9595-fa311febca66,/data_center/data2/dataset/chenwy/21164-data/dpo_dataset/u2net_next_inpainting/HPDv3/real/20fbe545-ab6c-42dc-9595-fa311febca66.png,Arts
988bbad1-7dc7-4d9f-bf14-4d33d8f7b10a,/data_center/data2/dataset/chenwy/21164-data/dpo_dataset/u2net_next_inpainting/HPDv3/real/988bbad1-7dc7-4d9f-bf14-4d33d8f7b10a.png,Products
50d96210-6627-4c81-b1dc-f9645d6582f1,/data_center/data2/dataset/chenwy/21164-data/dpo_dataset/u2net_next_inpainting/HPDv3/real/50d96210-6627-4c81-b1dc-f9645d6582f1.png,Products
7ed497fd-01e3-44a6-8132-93e86bfe1f2d,/data_center/data2/dataset/chenwy/21164-data/dpo_dataset/u2net_next_inpainting/HPDv3/real/7ed497fd-01e3-44a6-8132-93e86bfe1f2d.png,Plants
6d3956f3-da69-4849-9ab7-173bb8e13b76,/data_center/data2/dataset/chenwy/21164-data/dpo_dataset/u2net_next_inpainting/HPDv3/real/6d3956f3-da69-4849-9ab7-173bb8e13b76.png,Others
647b4871-fe1a-4631-aaff-9a3249f96d19,/data_center/data2/dataset/chenwy/21164-data/dpo_dataset/u2net_next_inpainting/HPDv3/real/647b4871-fe1a-4631-aaff-9a3249f96d19.png,Food
b9e2af60-d571-457a-8e11-8d8543b97e97,/data_center/data2/dataset/chenwy/21164-data/dpo_dataset/u2net_next_inpainting/HPDv3/real/b9e2af60-d571-457a-8e11-8d8543b97e97.png,Others
d9b3edee-6878-470b-ae33-651c96ddcea8,/data_center/data2/dataset/chenwy/21164-data/dpo_dataset/u2net_next_inpainting/HPDv3/real/d9b3edee-6878-470b-ae33-651c96ddcea8.png,Characters
83483725-996e-49d1-be64-49ce8785c8d1,/data_center/data2/dataset/chenwy/21164-data/dpo_dataset/u2net_next_inpainting/HPDv3/real/83483725-996e-49d1-be64-49ce8785c8d1.png,Transportation
2034bc57-492f-453f-a228-b0c18118712d,/data_center/data2/dataset/chenwy/21164-data/dpo_dataset/u2net_next_inpainting/HPDv3/real/2034bc57-492f-453f-a228-b0c18118712d.png,Animals
8b0fc24a-9c31-4681-95ee-267bf02ce4f0,/data_center/data2/dataset/chenwy/21164-data/dpo_dataset/u2net_next_inpainting/HPDv3/real/8b0fc24a-9c31-4681-95ee-267bf02ce4f0.png,Architecture
9401aa22-627e-4ae2-94c5-3e96a7e6aa3d,/data_center/data2/dataset/chenwy/21164-data/dpo_dataset/u2net_next_inpainting/HPDv3/real/9401aa22-627e-4ae2-94c5-3e96a7e6aa3d.png,Architecture
8b994c9f-4577-4ece-b192-6d04f3d5f955,/data_center/data2/dataset/chenwy/21164-data/dpo_dataset/u2net_next_inpainting/HPDv3/real/8b994c9f-4577-4ece-b192-6d04f3d5f955.png,Others
b1bb38fd-a5b8-4bd4-a88a-3a5a4d00e6f8,/data_center/data2/dataset/chenwy/21164-data/dpo_dataset/u2net_next_inpainting/HPDv3/real/b1bb38fd-a5b8-4bd4-a88a-3a5a4d00e6f8.png,Architecture
27f7bdfa-de32-4f98-962f-93f481c4ae11,/data_center/data2/dataset/chenwy/21164-data/dpo_dataset/u2net_next_inpainting/HPDv3/real/27f7bdfa-de32-4f98-962f-93f481c4ae11.png,Transportation
b7f74a27-a1fe-41cf-8048-3225c3dd656e,/data_center/data2/dataset/chenwy/21164-data/dpo_dataset/u2net_next_inpainting/HPDv3/real/b7f74a27-a1fe-41cf-8048-3225c3dd656e.png,Food
b7877b81-75b6-4309-aa18-fecac304853e,/data_center/data2/dataset/chenwy/21164-data/dpo_dataset/u2net_next_inpainting/HPDv3/real/b7877b81-75b6-4309-aa18-fecac304853e.png,Food
35e51d93-abf2-4fc2-a049-55142c23089c,/data_center/data2/dataset/chenwy/21164-data/dpo_dataset/u2net_next_inpainting/HPDv3/real/35e51d93-abf2-4fc2-a049-55142c23089c.png,Food
99bf3c9f-d381-4009-8257-69dfaf4275b7,/data_center/data2/dataset/chenwy/21164-data/dpo_dataset/u2net_next_inpainting/HPDv3/real/99bf3c9f-d381-4009-8257-69dfaf4275b7.png,Characters
1ef93880-e171-4678-b7c7-8fa9f28ac341,/data_center/data2/dataset/chenwy/21164-data/dpo_dataset/u2net_next_inpainting/HPDv3/real/1ef93880-e171-4678-b7c7-8fa9f28ac341.png,Characters
d0d89086-3117-43ae-8950-9f37f03294e6,/data_center/data2/dataset/chenwy/21164-data/dpo_dataset/u2net_next_inpainting/HPDv3/real/d0d89086-3117-43ae-8950-9f37f03294e6.png,Architecture
b15d0aca-b4e3-4fae-83da-435264dbc5fb,/data_center/data2/dataset/chenwy/21164-data/dpo_dataset/u2net_next_inpainting/HPDv3/real/b15d0aca-b4e3-4fae-83da-435264dbc5fb.png,Transportation
e5772d84-ede8-4517-9bb3-5bfdfc15eba8,/data_center/data2/dataset/chenwy/21164-data/dpo_dataset/u2net_next_inpainting/HPDv3/real/e5772d84-ede8-4517-9bb3-5bfdfc15eba8.png,Transportation
3eff20d2-329a-4da8-bf11-232820afeada,/data_center/data2/dataset/chenwy/21164-data/dpo_dataset/u2net_next_inpainting/HPDv3/real/3eff20d2-329a-4da8-bf11-232820afeada.png,Characters
71be2247-712a-420b-94d8-344cb6356abe,/data_center/data2/dataset/chenwy/21164-data/dpo_dataset/u2net_next_inpainting/HPDv3/real/71be2247-712a-420b-94d8-344cb6356abe.png,Characters
cb7ec537-bebf-4706-8b56-ff6b8cb89a5d,/data_center/data2/dataset/chenwy/21164-data/dpo_dataset/u2net_next_inpainting/HPDv3/real/cb7ec537-bebf-4706-8b56-ff6b8cb89a5d.png,Architecture
b45f4a0e-95c2-4bbf-b873-a7d7c6d49b24,/data_center/data2/dataset/chenwy/21164-data/dpo_dataset/u2net_next_inpainting/HPDv3/real/b45f4a0e-95c2-4bbf-b873-a7d7c6d49b24.png,Characters
c124c5af-806f-4985-a64e-8c32c167a313,/data_center/data2/dataset/chenwy/21164-data/dpo_dataset/u2net_next_inpainting/HPDv3/real/c124c5af-806f-4985-a64e-8c32c167a313.png,Science
676fc3cb-0dcd-48c5-bffd-b2dd8a54e748,/data_center/data2/dataset/chenwy/21164-data/dpo_dataset/u2net_next_inpainting/HPDv3/real/676fc3cb-0dcd-48c5-bffd-b2dd8a54e748.png,Natural Scenery
bd9ae5e6-9ac2-4e3d-a501-e7546caa8dd7,/data_center/data2/dataset/chenwy/21164-data/dpo_dataset/u2net_next_inpainting/HPDv3/real/bd9ae5e6-9ac2-4e3d-a501-e7546caa8dd7.png,Products
e335316b-de92-446a-859e-588c84bfe7fa,/data_center/data2/dataset/chenwy/21164-data/dpo_dataset/u2net_next_inpainting/HPDv3/real/e335316b-de92-446a-859e-588c84bfe7fa.png,Products
3cf19aae-7110-4c5d-874c-799a97370b72,/data_center/data2/dataset/chenwy/21164-data/dpo_dataset/u2net_next_inpainting/HPDv3/real/3cf19aae-7110-4c5d-874c-799a97370b72.png,Natural Scenery
bb14bfb7-adc5-4086-ab2c-b33d92250e0c,/data_center/data2/dataset/chenwy/21164-data/dpo_dataset/u2net_next_inpainting/HPDv3/real/bb14bfb7-adc5-4086-ab2c-b33d92250e0c.png,Food
e1ebb731-b9fc-4ff4-9d2f-25c0942f3697,/data_center/data2/dataset/chenwy/21164-data/dpo_dataset/u2net_next_inpainting/HPDv3/real/e1ebb731-b9fc-4ff4-9d2f-25c0942f3697.png,Characters
033da228-92c8-4423-9e5e-340eef0cb128,/data_center/data2/dataset/chenwy/21164-data/dpo_dataset/u2net_next_inpainting/HPDv3/real/033da228-92c8-4423-9e5e-340eef0cb128.png,Design
853cf116-03c9-4468-944f-365cbaf1fac0,/data_center/data2/dataset/chenwy/21164-data/dpo_dataset/u2net_next_inpainting/HPDv3/real/853cf116-03c9-4468-944f-365cbaf1fac0.png,Characters
e179cff6-11e5-4ad5-8cb9-2f04f314cd19,/data_center/data2/dataset/chenwy/21164-data/dpo_dataset/u2net_next_inpainting/HPDv3/real/e179cff6-11e5-4ad5-8cb9-2f04f314cd19.png,Others
5d8265b1-e465-4acf-86ee-afb6ac8b16fc,/data_center/data2/dataset/chenwy/21164-data/dpo_dataset/u2net_next_inpainting/HPDv3/real/5d8265b1-e465-4acf-86ee-afb6ac8b16fc.png,Characters
8fc9c0c7-a2ce-47ef-9812-e701c4a42be2,/data_center/data2/dataset/chenwy/21164-data/dpo_dataset/u2net_next_inpainting/HPDv3/real/8fc9c0c7-a2ce-47ef-9812-e701c4a42be2.png,Others
6ed8fbf8-7bb6-427f-bd7a-e5e098aa6006,/data_center/data2/dataset/chenwy/21164-data/dpo_dataset/u2net_next_inpainting/HPDv3/real/6ed8fbf8-7bb6-427f-bd7a-e5e098aa6006.png,Natural Scenery
8ef85298-faf4-4f5c-aac5-56dd816319df,/data_center/data2/dataset/chenwy/21164-data/dpo_dataset/u2net_next_inpainting/HPDv3/real/8ef85298-faf4-4f5c-aac5-56dd816319df.png,Architecture
3722e128-fe91-4093-8e07-2e0fdcaf0a15,/data_center/data2/dataset/chenwy/21164-data/dpo_dataset/u2net_next_inpainting/HPDv3/real/3722e128-fe91-4093-8e07-2e0fdcaf0a15.png,Natural Scenery
0945b0d7-817b-4ed3-87bf-052b71c8ff87,/data_center/data2/dataset/chenwy/21164-data/dpo_dataset/u2net_next_inpainting/HPDv3/real/0945b0d7-817b-4ed3-87bf-052b71c8ff87.png,Architecture
3def31f8-1412-4fd2-871b-bf1c6f52d679,/data_center/data2/dataset/chenwy/21164-data/dpo_dataset/u2net_next_inpainting/HPDv3/real/3def31f8-1412-4fd2-871b-bf1c6f52d679.png,Food
8eddc48b-7df7-4c74-9629-24e11d8a1b99,/data_center/data2/dataset/chenwy/21164-data/dpo_dataset/u2net_next_inpainting/HPDv3/real/8eddc48b-7df7-4c74-9629-24e11d8a1b99.png,Architecture
27ca9103-c674-4b54-91f1-0086b11664af,/data_center/data2/dataset/chenwy/21164-data/dpo_dataset/u2net_next_inpainting/HPDv3/real/27ca9103-c674-4b54-91f1-0086b11664af.png,Food
030f10e9-e764-4cea-92db-97fc0cb4903b,/data_center/data2/dataset/chenwy/21164-data/dpo_dataset/u2net_next_inpainting/HPDv3/real/030f10e9-e764-4cea-92db-97fc0cb4903b.png,Natural Scenery
464709fb-4a72-4ebd-8f36-f84bbd3a3193,/data_center/data2/dataset/chenwy/21164-data/dpo_dataset/u2net_next_inpainting/HPDv3/real/464709fb-4a72-4ebd-8f36-f84bbd3a3193.png,Natural Scenery
7a2021b5-3e78-4eae-8e5d-fcbe21501f98,/data_center/data2/dataset/chenwy/21164-data/dpo_dataset/u2net_next_inpainting/HPDv3/real/7a2021b5-3e78-4eae-8e5d-fcbe21501f98.png,Characters
13f6917d-faba-440c-96c7-75688be51d3a,/data_center/data2/dataset/chenwy/21164-data/dpo_dataset/u2net_next_inpainting/HPDv3/real/13f6917d-faba-440c-96c7-75688be51d3a.png,Transportation
e6a231c9-adc6-48b5-ad8b-c4626c6c834a,/data_center/data2/dataset/chenwy/21164-data/dpo_dataset/u2net_next_inpainting/HPDv3/real/e6a231c9-adc6-48b5-ad8b-c4626c6c834a.png,Natural Scenery
7b2cd377-da55-4002-9ea9-0d91b879a551,/data_center/data2/dataset/chenwy/21164-data/dpo_dataset/u2net_next_inpainting/HPDv3/real/7b2cd377-da55-4002-9ea9-0d91b879a551.png,Characters
66193c14-58fb-4ab6-97fb-3e5c978ad423,/data_center/data2/dataset/chenwy/21164-data/dpo_dataset/u2net_next_inpainting/HPDv3/real/66193c14-58fb-4ab6-97fb-3e5c978ad423.png,Characters
f45e9a4f-9dde-48cb-8ac6-e46f4e3dfe84,/data_center/data2/dataset/chenwy/21164-data/dpo_dataset/u2net_next_inpainting/HPDv3/real/f45e9a4f-9dde-48cb-8ac6-e46f4e3dfe84.png,Architecture
c614fa10-5bea-4897-90ee-01b5413f2fd3,/data_center/data2/dataset/chenwy/21164-data/dpo_dataset/u2net_next_inpainting/HPDv3/real/c614fa10-5bea-4897-90ee-01b5413f2fd3.png,Others
184d6d56-a808-4b58-9eed-2976d9e80bfc,/data_center/data2/dataset/chenwy/21164-data/dpo_dataset/u2net_next_inpainting/HPDv3/real/184d6d56-a808-4b58-9eed-2976d9e80bfc.png,Characters
940cad49-2888-477e-911d-ed973e2954ec,/data_center/data2/dataset/chenwy/21164-data/dpo_dataset/u2net_next_inpainting/HPDv3/real/940cad49-2888-477e-911d-ed973e2954ec.png,Others
ba4cac45-f647-4773-b0be-607291120659,/data_center/data2/dataset/chenwy/21164-data/dpo_dataset/u2net_next_inpainting/HPDv3/real/ba4cac45-f647-4773-b0be-607291120659.png,Architecture
de0c0850-f38b-4cd4-aa53-3ed4bacee802,/data_center/data2/dataset/chenwy/21164-data/dpo_dataset/u2net_next_inpainting/HPDv3/real/de0c0850-f38b-4cd4-aa53-3ed4bacee802.png,Natural Scenery
2b8d7457-0679-4ef4-89de-1d6209b428f1,/data_center/data2/dataset/chenwy/21164-data/dpo_dataset/u2net_next_inpainting/HPDv3/real/2b8d7457-0679-4ef4-89de-1d6209b428f1.png,Food
5222b4a4-a34b-4638-b9ad-e771e2cacdf3,/data_center/data2/dataset/chenwy/21164-data/dpo_dataset/u2net_next_inpainting/HPDv3/real/5222b4a4-a34b-4638-b9ad-e771e2cacdf3.png,Characters
e544d483-7955-4b76-9660-f6905346fa5a,/data_center/data2/dataset/chenwy/21164-data/dpo_dataset/u2net_next_inpainting/HPDv3/real/e544d483-7955-4b76-9660-f6905346fa5a.png,Characters
3eaedbc6-7ac9-47f9-bdf3-731c054373c8,/data_center/data2/dataset/chenwy/21164-data/dpo_dataset/u2net_next_inpainting/HPDv3/real/3eaedbc6-7ac9-47f9-bdf3-731c054373c8.png,Animals
e40bcae1-c95e-4afe-a517-f93e784260fe,/data_center/data2/dataset/chenwy/21164-data/dpo_dataset/u2net_next_inpainting/HPDv3/real/e40bcae1-c95e-4afe-a517-f93e784260fe.png,Animals
8c07e675-0f57-4184-a64b-05f388006b03,/data_center/data2/dataset/chenwy/21164-data/dpo_dataset/u2net_next_inpainting/HPDv3/real/8c07e675-0f57-4184-a64b-05f388006b03.png,Food
36e28775-4482-4eb0-8856-5bcc8a1af2bc,/data_center/data2/dataset/chenwy/21164-data/dpo_dataset/u2net_next_inpainting/HPDv3/real/36e28775-4482-4eb0-8856-5bcc8a1af2bc.png,Natural Scenery
b10668e9-265d-4091-884c-02fb90893135,/data_center/data2/dataset/chenwy/21164-data/dpo_dataset/u2net_next_inpainting/HPDv3/real/b10668e9-265d-4091-884c-02fb90893135.png,Characters
978d019d-4cd2-44cc-bbf9-508e1e8590ab,/data_center/data2/dataset/chenwy/21164-data/dpo_dataset/u2net_next_inpainting/HPDv3/real/978d019d-4cd2-44cc-bbf9-508e1e8590ab.png,Characters
e4455453-b4db-4097-a5de-b9657a70e095,/data_center/data2/dataset/chenwy/21164-data/dpo_dataset/u2net_next_inpainting/HPDv3/real/e4455453-b4db-4097-a5de-b9657a70e095.png,Transportation
7050bc9e-72f5-4d4f-bac8-c06b64006cc3,/data_center/data2/dataset/chenwy/21164-data/dpo_dataset/u2net_next_inpainting/HPDv3/real/7050bc9e-72f5-4d4f-bac8-c06b64006cc3.png,Natural Scenery
98adc50e-c420-42b2-a5dd-a12f5588644d,/data_center/data2/dataset/chenwy/21164-data/dpo_dataset/u2net_next_inpainting/HPDv3/real/98adc50e-c420-42b2-a5dd-a12f5588644d.png,Natural Scenery
e2d66b14-e7e8-4063-afd8-6d4b1bc52299,/data_center/data2/dataset/chenwy/21164-data/dpo_dataset/u2net_next_inpainting/HPDv3/real/e2d66b14-e7e8-4063-afd8-6d4b1bc52299.png,Food
0e7b0768-be50-47b6-9242-9aed75cdf6be,/data_center/data2/dataset/chenwy/21164-data/dpo_dataset/u2net_next_inpainting/HPDv3/real/0e7b0768-be50-47b6-9242-9aed75cdf6be.png,Food
2ec9ba67-71d9-4c45-822f-0b310ae85a90,/data_center/data2/dataset/chenwy/21164-data/dpo_dataset/u2net_next_inpainting/HPDv3/real/2ec9ba67-71d9-4c45-822f-0b310ae85a90.png,Characters
3e0b1024-74a2-4b92-87ac-09463e21776f,/data_center/data2/dataset/chenwy/21164-data/dpo_dataset/u2net_next_inpainting/HPDv3/real/3e0b1024-74a2-4b92-87ac-09463e21776f.png,Others
d35c5cc5-376a-4c93-83cf-103370b29e46,/data_center/data2/dataset/chenwy/21164-data/dpo_dataset/u2net_next_inpainting/HPDv3/real/d35c5cc5-376a-4c93-83cf-103370b29e46.png,Characters
9093e116-6b75-4e95-90a5-6a3a98aa4880,/data_center/data2/dataset/chenwy/21164-data/dpo_dataset/u2net_next_inpainting/HPDv3/real/9093e116-6b75-4e95-90a5-6a3a98aa4880.png,Characters
5d41c713-22fc-44da-8b81-d528254cad76,/data_center/data2/dataset/chenwy/21164-data/dpo_dataset/u2net_next_inpainting/HPDv3/real/5d41c713-22fc-44da-8b81-d528254cad76.png,Characters
06d4d344-02e1-493c-8c6f-b3b6ecd3d7bd,/data_center/data2/dataset/chenwy/21164-data/dpo_dataset/u2net_next_inpainting/HPDv3/real/06d4d344-02e1-493c-8c6f-b3b6ecd3d7bd.png,Animals
c083f9e4-e3c9-4160-8473-639bddfb4a44,/data_center/data2/dataset/chenwy/21164-data/dpo_dataset/u2net_next_inpainting/HPDv3/real/c083f9e4-e3c9-4160-8473-639bddfb4a44.png,Food
dd0134df-584a-493f-962d-eee7074bc490,/data_center/data2/dataset/chenwy/21164-data/dpo_dataset/u2net_next_inpainting/HPDv3/real/dd0134df-584a-493f-962d-eee7074bc490.png,Plants
98f47a47-a408-41f0-9fce-fd1ece39bb2e,/data_center/data2/dataset/chenwy/21164-data/dpo_dataset/u2net_next_inpainting/HPDv3/real/98f47a47-a408-41f0-9fce-fd1ece39bb2e.png,Food
f00d286e-f033-4e5c-8ece-d1f89c496dc3,/data_center/data2/dataset/chenwy/21164-data/dpo_dataset/u2net_next_inpainting/HPDv3/real/f00d286e-f033-4e5c-8ece-d1f89c496dc3.png,Food
c66255f3-964c-47d2-a9eb-567741d0f424,/data_center/data2/dataset/chenwy/21164-data/dpo_dataset/u2net_next_inpainting/HPDv3/real/c66255f3-964c-47d2-a9eb-567741d0f424.png,Plants
7c2babc7-24ec-4da2-a902-a6f8715edb95,/data_center/data2/dataset/chenwy/21164-data/dpo_dataset/u2net_next_inpainting/HPDv3/real/7c2babc7-24ec-4da2-a902-a6f8715edb95.png,Characters
6994c6d0-e833-4165-bdbc-0faae5a8ffbf,/data_center/data2/dataset/chenwy/21164-data/dpo_dataset/u2net_next_inpainting/HPDv3/real/6994c6d0-e833-4165-bdbc-0faae5a8ffbf.png,Plants
a418e9e3-4f2d-41f5-91b4-1232ec359bc7,/data_center/data2/dataset/chenwy/21164-data/dpo_dataset/u2net_next_inpainting/HPDv3/real/a418e9e3-4f2d-41f5-91b4-1232ec359bc7.png,Characters
563a6fcd-33ac-4825-a58c-cf75351f4221,/data_center/data2/dataset/chenwy/21164-data/dpo_dataset/u2net_next_inpainting/HPDv3/real/563a6fcd-33ac-4825-a58c-cf75351f4221.png,Food
c258874d-da2f-4684-bdd2-e663fd4b5af0,/data_center/data2/dataset/chenwy/21164-data/dpo_dataset/u2net_next_inpainting/HPDv3/real/c258874d-da2f-4684-bdd2-e663fd4b5af0.png,Characters
24898f2c-cd9c-42e5-a3cb-12ed4cc338d6,/data_center/data2/dataset/chenwy/21164-data/dpo_dataset/u2net_next_inpainting/HPDv3/real/24898f2c-cd9c-42e5-a3cb-12ed4cc338d6.png,Characters
473a13db-b864-408d-8d27-22dd902b37f6,/data_center/data2/dataset/chenwy/21164-data/dpo_dataset/u2net_next_inpainting/HPDv3/real/473a13db-b864-408d-8d27-22dd902b37f6.png,Characters
5e3d30c7-9384-45cc-b80b-8fb8419943ed,/data_center/data2/dataset/chenwy/21164-data/dpo_dataset/u2net_next_inpainting/HPDv3/real/5e3d30c7-9384-45cc-b80b-8fb8419943ed.png,Natural Scenery
3d65a977-1a06-4fee-93e7-6c242e95fc17,/data_center/data2/dataset/chenwy/21164-data/dpo_dataset/u2net_next_inpainting/HPDv3/real/3d65a977-1a06-4fee-93e7-6c242e95fc17.png,Food
4d3dc931-4627-4986-881e-1d334e1bce9b,/data_center/data2/dataset/chenwy/21164-data/dpo_dataset/u2net_next_inpainting/HPDv3/real/4d3dc931-4627-4986-881e-1d334e1bce9b.png,Characters
6e3b3842-228f-491f-a1ff-1011c3b92d20,/data_center/data2/dataset/chenwy/21164-data/dpo_dataset/u2net_next_inpainting/HPDv3/real/6e3b3842-228f-491f-a1ff-1011c3b92d20.png,Others
e53352c3-360e-4f6b-b61c-df095a7be3c3,/data_center/data2/dataset/chenwy/21164-data/dpo_dataset/u2net_next_inpainting/HPDv3/real/e53352c3-360e-4f6b-b61c-df095a7be3c3.png,Food
7cd090c6-4dc2-4423-b08d-e590c2dab512,/data_center/data2/dataset/chenwy/21164-data/dpo_dataset/u2net_next_inpainting/HPDv3/real/7cd090c6-4dc2-4423-b08d-e590c2dab512.png,Animals
8ff6987f-d5cd-41c4-ba91-7e7ecec3e0be,/data_center/data2/dataset/chenwy/21164-data/dpo_dataset/u2net_next_inpainting/HPDv3/real/8ff6987f-d5cd-41c4-ba91-7e7ecec3e0be.png,Architecture
a128e276-175e-41d9-9bee-f132460b48ee,/data_center/data2/dataset/chenwy/21164-data/dpo_dataset/u2net_next_inpainting/HPDv3/real/a128e276-175e-41d9-9bee-f132460b48ee.png,Food
e5fb7558-c661-4122-89e2-f14f6071c64a,/data_center/data2/dataset/chenwy/21164-data/dpo_dataset/u2net_next_inpainting/HPDv3/real/e5fb7558-c661-4122-89e2-f14f6071c64a.png,Food
a5ebe5ec-134e-47d1-8992-b1b0a1193ec9,/data_center/data2/dataset/chenwy/21164-data/dpo_dataset/u2net_next_inpainting/HPDv3/real/a5ebe5ec-134e-47d1-8992-b1b0a1193ec9.png,Food
87beb2be-5266-497b-bcf0-ec78ae4c8591,/data_center/data2/dataset/chenwy/21164-data/dpo_dataset/u2net_next_inpainting/HPDv3/real/87beb2be-5266-497b-bcf0-ec78ae4c8591.png,Products
3f4279eb-64c1-49e7-a091-d39137a90645,/data_center/data2/dataset/chenwy/21164-data/dpo_dataset/u2net_next_inpainting/HPDv3/real/3f4279eb-64c1-49e7-a091-d39137a90645.png,Characters
b036bd16-2e63-4e9d-a8b9-43e989a683e5,/data_center/data2/dataset/chenwy/21164-data/dpo_dataset/u2net_next_inpainting/HPDv3/real/b036bd16-2e63-4e9d-a8b9-43e989a683e5.png,Others
dbbe87e7-c907-4564-bcaf-6f7180e3908c,/data_center/data2/dataset/chenwy/21164-data/dpo_dataset/u2net_next_inpainting/HPDv3/real/dbbe87e7-c907-4564-bcaf-6f7180e3908c.png,Plants
5d6a7184-5290-4fcc-8dae-6b78b4375b32,/data_center/data2/dataset/chenwy/21164-data/dpo_dataset/u2net_next_inpainting/HPDv3/real/5d6a7184-5290-4fcc-8dae-6b78b4375b32.png,Architecture
da0d3c40-dbdc-4c81-b059-a4896e29d4e9,/data_center/data2/dataset/chenwy/21164-data/dpo_dataset/u2net_next_inpainting/HPDv3/real/da0d3c40-dbdc-4c81-b059-a4896e29d4e9.png,Animals
c6cd098a-3ee1-40fe-8395-fd3bf4863a1f,/data_center/data2/dataset/chenwy/21164-data/dpo_dataset/u2net_next_inpainting/HPDv3/real/c6cd098a-3ee1-40fe-8395-fd3bf4863a1f.png,Characters
cfe13234-ae82-4aec-b829-a51387460855,/data_center/data2/dataset/chenwy/21164-data/dpo_dataset/u2net_next_inpainting/HPDv3/real/cfe13234-ae82-4aec-b829-a51387460855.png,Characters
b9bba8f3-2f84-4efd-8eca-d99b7b5eba84,/data_center/data2/dataset/chenwy/21164-data/dpo_dataset/u2net_next_inpainting/HPDv3/real/b9bba8f3-2f84-4efd-8eca-d99b7b5eba84.png,Natural Scenery
5b9297de-ff56-4b28-99d5-6d1737f5f013,/data_center/data2/dataset/chenwy/21164-data/dpo_dataset/u2net_next_inpainting/HPDv3/real/5b9297de-ff56-4b28-99d5-6d1737f5f013.png,Food
b5d02439-d1f7-440d-bacf-b0772f70806a,/data_center/data2/dataset/chenwy/21164-data/dpo_dataset/u2net_next_inpainting/HPDv3/real/b5d02439-d1f7-440d-bacf-b0772f70806a.png,Architecture
0f72cb8a-aa3a-4b3d-b505-feb1a1b58082,/data_center/data2/dataset/chenwy/21164-data/dpo_dataset/u2net_next_inpainting/HPDv3/real/0f72cb8a-aa3a-4b3d-b505-feb1a1b58082.png,Architecture
56671357-8c4a-4829-936b-598d1eb20216,/data_center/data2/dataset/chenwy/21164-data/dpo_dataset/u2net_next_inpainting/HPDv3/real/56671357-8c4a-4829-936b-598d1eb20216.png,Transportation
ca30b415-52c7-422b-8d89-20a5393fa987,/data_center/data2/dataset/chenwy/21164-data/dpo_dataset/u2net_next_inpainting/HPDv3/real/ca30b415-52c7-422b-8d89-20a5393fa987.png,Transportation
2ef943f4-6616-48ac-9b86-b03d268e206e,/data_center/data2/dataset/chenwy/21164-data/dpo_dataset/u2net_next_inpainting/HPDv3/real/2ef943f4-6616-48ac-9b86-b03d268e206e.png,Food
eea7d9d5-907f-4122-b07f-76069f6bf7fc,/data_center/data2/dataset/chenwy/21164-data/dpo_dataset/u2net_next_inpainting/HPDv3/real/eea7d9d5-907f-4122-b07f-76069f6bf7fc.png,Natural Scenery
16cbfc65-ce5c-4b70-882c-a2b4cf8b4a4a,/data_center/data2/dataset/chenwy/21164-data/dpo_dataset/u2net_next_inpainting/HPDv3/real/16cbfc65-ce5c-4b70-882c-a2b4cf8b4a4a.png,Food
727e6f05-4be0-4291-a7ba-58eef6014562,/data_center/data2/dataset/chenwy/21164-data/dpo_dataset/u2net_next_inpainting/HPDv3/real/727e6f05-4be0-4291-a7ba-58eef6014562.png,Products
00dc5011-8df6-41fc-a2dd-06281978a5ed,/data_center/data2/dataset/chenwy/21164-data/dpo_dataset/u2net_next_inpainting/HPDv3/real/00dc5011-8df6-41fc-a2dd-06281978a5ed.png,Characters
68445568-6f22-444f-8a20-7605fa63a353,/data_center/data2/dataset/chenwy/21164-data/dpo_dataset/u2net_next_inpainting/HPDv3/real/68445568-6f22-444f-8a20-7605fa63a353.png,Characters
b3832676-4f0b-4f01-b341-56d4a9ed68b1,/data_center/data2/dataset/chenwy/21164-data/dpo_dataset/u2net_next_inpainting/HPDv3/real/b3832676-4f0b-4f01-b341-56d4a9ed68b1.png,Characters
5cc79a7c-1004-46f6-98ba-d2ab39cc8088,/data_center/data2/dataset/chenwy/21164-data/dpo_dataset/u2net_next_inpainting/HPDv3/real/5cc79a7c-1004-46f6-98ba-d2ab39cc8088.png,Arts
fe06431b-8497-4253-84e3-3ac36c2553a8,/data_center/data2/dataset/chenwy/21164-data/dpo_dataset/u2net_next_inpainting/HPDv3/real/fe06431b-8497-4253-84e3-3ac36c2553a8.png,Products
21f0c8aa-b5a0-4567-b9eb-8e6987611bd4,/data_center/data2/dataset/chenwy/21164-data/dpo_dataset/u2net_next_inpainting/HPDv3/real/21f0c8aa-b5a0-4567-b9eb-8e6987611bd4.png,Characters
eac921f0-437b-47ee-be03-8bd47d0bc666,/data_center/data2/dataset/chenwy/21164-data/dpo_dataset/u2net_next_inpainting/HPDv3/real/eac921f0-437b-47ee-be03-8bd47d0bc666.png,Characters
1544a32c-89b9-4189-8bf7-098deb5eb5f2,/data_center/data2/dataset/chenwy/21164-data/dpo_dataset/u2net_next_inpainting/HPDv3/real/1544a32c-89b9-4189-8bf7-098deb5eb5f2.png,Characters
2fcb2e8c-6dff-4cca-938d-54ec24716c6f,/data_center/data2/dataset/chenwy/21164-data/dpo_dataset/u2net_next_inpainting/HPDv3/real/2fcb2e8c-6dff-4cca-938d-54ec24716c6f.png,Animals
33669c05-1470-44ba-b062-df93a0c469d2,/data_center/data2/dataset/chenwy/21164-data/dpo_dataset/u2net_next_inpainting/HPDv3/real/33669c05-1470-44ba-b062-df93a0c469d2.png,Animals
442677cb-1926-4dd0-8c44-9653cf4a7458,/data_center/data2/dataset/chenwy/21164-data/dpo_dataset/u2net_next_inpainting/HPDv3/real/442677cb-1926-4dd0-8c44-9653cf4a7458.png,Products
19b91113-abe2-4f58-920e-be422170d6fd,/data_center/data2/dataset/chenwy/21164-data/dpo_dataset/u2net_next_inpainting/HPDv3/real/19b91113-abe2-4f58-920e-be422170d6fd.png,Others
323faf15-4787-46b1-b461-2ea10d8832ad,/data_center/data2/dataset/chenwy/21164-data/dpo_dataset/u2net_next_inpainting/HPDv3/real/323faf15-4787-46b1-b461-2ea10d8832ad.png,Design
22c647a5-2ca6-4a73-a417-8fea3f049834,/data_center/data2/dataset/chenwy/21164-data/dpo_dataset/u2net_next_inpainting/HPDv3/real/22c647a5-2ca6-4a73-a417-8fea3f049834.png,Characters
c71bb6fd-8392-4f26-9025-38a19782d633,/data_center/data2/dataset/chenwy/21164-data/dpo_dataset/u2net_next_inpainting/HPDv3/real/c71bb6fd-8392-4f26-9025-38a19782d633.png,Food
c3294cf2-51ba-429c-b11e-f20f2775c3f7,/data_center/data2/dataset/chenwy/21164-data/dpo_dataset/u2net_next_inpainting/HPDv3/real/c3294cf2-51ba-429c-b11e-f20f2775c3f7.png,Characters
1c9eca07-eb79-4fbc-8ab3-1c321f9da8f6,/data_center/data2/dataset/chenwy/21164-data/dpo_dataset/u2net_next_inpainting/HPDv3/real/1c9eca07-eb79-4fbc-8ab3-1c321f9da8f6.png,Characters
803aef28-ed9e-494c-bb89-adf38196b5b8,/data_center/data2/dataset/chenwy/21164-data/dpo_dataset/u2net_next_inpainting/HPDv3/real/803aef28-ed9e-494c-bb89-adf38196b5b8.png,Food
f93b751e-199e-4844-866f-3ec3bf8603e3,/data_center/data2/dataset/chenwy/21164-data/dpo_dataset/u2net_next_inpainting/HPDv3/real/f93b751e-199e-4844-866f-3ec3bf8603e3.png,Characters
82456ce9-4d22-4ed8-9cb0-d1be7a7a0e8c,/data_center/data2/dataset/chenwy/21164-data/dpo_dataset/u2net_next_inpainting/HPDv3/real/82456ce9-4d22-4ed8-9cb0-d1be7a7a0e8c.png,Products
3cb40be0-0920-4bf6-8a0f-b51282da9f33,/data_center/data2/dataset/chenwy/21164-data/dpo_dataset/u2net_next_inpainting/HPDv3/real/3cb40be0-0920-4bf6-8a0f-b51282da9f33.png,Natural Scenery
ccdb6fc6-997f-43a0-8439-fe766ea27c01,/data_center/data2/dataset/chenwy/21164-data/dpo_dataset/u2net_next_inpainting/HPDv3/real/ccdb6fc6-997f-43a0-8439-fe766ea27c01.png,Characters
825f3f52-1136-427c-90b8-af1f6d14c758,/data_center/data2/dataset/chenwy/21164-data/dpo_dataset/u2net_next_inpainting/HPDv3/real/825f3f52-1136-427c-90b8-af1f6d14c758.png,Products
7a753ae4-d620-4fb3-8bd2-5e9536bc0e9e,/data_center/data2/dataset/chenwy/21164-data/dpo_dataset/u2net_next_inpainting/HPDv3/real/7a753ae4-d620-4fb3-8bd2-5e9536bc0e9e.png,Transportation
5f20afbe-5037-41fb-ad92-46f61647b30c,/data_center/data2/dataset/chenwy/21164-data/dpo_dataset/u2net_next_inpainting/HPDv3/real/5f20afbe-5037-41fb-ad92-46f61647b30c.png,Animals
1e2ab56f-95a4-472d-858a-54825629a6c0,/data_center/data2/dataset/chenwy/21164-data/dpo_dataset/u2net_next_inpainting/HPDv3/real/1e2ab56f-95a4-472d-858a-54825629a6c0.png,Others
a5ece5f4-f659-49ef-8ee8-b041eaff2b58,/data_center/data2/dataset/chenwy/21164-data/dpo_dataset/u2net_next_inpainting/HPDv3/real/a5ece5f4-f659-49ef-8ee8-b041eaff2b58.png,Others
f2c80cee-47e2-4be9-9422-246d20c4038d,/data_center/data2/dataset/chenwy/21164-data/dpo_dataset/u2net_next_inpainting/HPDv3/real/f2c80cee-47e2-4be9-9422-246d20c4038d.png,Transportation
593e2fc0-9f6f-44c9-a584-b2308ea2d623,/data_center/data2/dataset/chenwy/21164-data/dpo_dataset/u2net_next_inpainting/HPDv3/real/593e2fc0-9f6f-44c9-a584-b2308ea2d623.png,Characters
04c5dd78-68ec-45f8-88f4-7e65d33a2828,/data_center/data2/dataset/chenwy/21164-data/dpo_dataset/u2net_next_inpainting/HPDv3/real/04c5dd78-68ec-45f8-88f4-7e65d33a2828.png,Characters
3bb9a516-0747-49aa-bc50-a1bcfe906c54,/data_center/data2/dataset/chenwy/21164-data/dpo_dataset/u2net_next_inpainting/HPDv3/real/3bb9a516-0747-49aa-bc50-a1bcfe906c54.png,Animals
f73eeb58-f9e1-4160-9416-a8fd7594562f,/data_center/data2/dataset/chenwy/21164-data/dpo_dataset/u2net_next_inpainting/HPDv3/real/f73eeb58-f9e1-4160-9416-a8fd7594562f.png,Characters
3e64487a-60e2-4011-91bb-e13cc5d2282c,/data_center/data2/dataset/chenwy/21164-data/dpo_dataset/u2net_next_inpainting/HPDv3/real/3e64487a-60e2-4011-91bb-e13cc5d2282c.png,Characters
63af77ad-c395-4cd2-a7ce-aa9f3982331c,/data_center/data2/dataset/chenwy/21164-data/dpo_dataset/u2net_next_inpainting/HPDv3/real/63af77ad-c395-4cd2-a7ce-aa9f3982331c.png,Food
775151f6-8ac2-4343-9d72-293e4e5b1834,/data_center/data2/dataset/chenwy/21164-data/dpo_dataset/u2net_next_inpainting/HPDv3/real/775151f6-8ac2-4343-9d72-293e4e5b1834.png,Characters
3da6ad6b-e5ab-45f2-b60f-982fbc8efafc,/data_center/data2/dataset/chenwy/21164-data/dpo_dataset/u2net_next_inpainting/HPDv3/real/3da6ad6b-e5ab-45f2-b60f-982fbc8efafc.png,Products
27257e86-e47e-43c3-afae-d03c8fee69cf,/data_center/data2/dataset/chenwy/21164-data/dpo_dataset/u2net_next_inpainting/HPDv3/real/27257e86-e47e-43c3-afae-d03c8fee69cf.png,Characters
750c7519-2791-4ebc-981a-8e0ae1fd133a,/data_center/data2/dataset/chenwy/21164-data/dpo_dataset/u2net_next_inpainting/HPDv3/real/750c7519-2791-4ebc-981a-8e0ae1fd133a.png,Animals
ee37d031-e3ff-4587-9067-1ca8cb4bc124,/data_center/data2/dataset/chenwy/21164-data/dpo_dataset/u2net_next_inpainting/HPDv3/real/ee37d031-e3ff-4587-9067-1ca8cb4bc124.png,Animals
76358fcf-7d20-4ef0-a1b9-cc205f2245c6,/data_center/data2/dataset/chenwy/21164-data/dpo_dataset/u2net_next_inpainting/HPDv3/real/76358fcf-7d20-4ef0-a1b9-cc205f2245c6.png,Food
90bb97e9-a42a-4a99-b1f8-ef84e768a6a2,/data_center/data2/dataset/chenwy/21164-data/dpo_dataset/u2net_next_inpainting/HPDv3/real/90bb97e9-a42a-4a99-b1f8-ef84e768a6a2.png,Animals
7801ad37-d8f1-4831-bf9a-5b9e764ef95c,/data_center/data2/dataset/chenwy/21164-data/dpo_dataset/u2net_next_inpainting/HPDv3/real/7801ad37-d8f1-4831-bf9a-5b9e764ef95c.png,Characters
18d18b23-4257-4196-adbc-32b127e00339,/data_center/data2/dataset/chenwy/21164-data/dpo_dataset/u2net_next_inpainting/HPDv3/real/18d18b23-4257-4196-adbc-32b127e00339.png,Natural Scenery
b24a5990-4fd5-4a2a-918d-b23838776019,/data_center/data2/dataset/chenwy/21164-data/dpo_dataset/u2net_next_inpainting/HPDv3/real/b24a5990-4fd5-4a2a-918d-b23838776019.png,Natural Scenery
b4e5cca8-0161-4f83-a342-5f35b40a3112,/data_center/data2/dataset/chenwy/21164-data/dpo_dataset/u2net_next_inpainting/HPDv3/real/b4e5cca8-0161-4f83-a342-5f35b40a3112.png,Characters
139f06f3-2e13-443a-93ab-49ed2f0d114c,/data_center/data2/dataset/chenwy/21164-data/dpo_dataset/u2net_next_inpainting/HPDv3/real/139f06f3-2e13-443a-93ab-49ed2f0d114c.png,Characters
699e836f-d15e-4cf8-bf67-bd00803fb140,/data_center/data2/dataset/chenwy/21164-data/dpo_dataset/u2net_next_inpainting/HPDv3/real/699e836f-d15e-4cf8-bf67-bd00803fb140.png,Animals
d9eac854-0118-4f12-a2af-4c74f4fef7d2,/data_center/data2/dataset/chenwy/21164-data/dpo_dataset/u2net_next_inpainting/HPDv3/real/d9eac854-0118-4f12-a2af-4c74f4fef7d2.png,Design
1df9e167-a0e2-47a6-8eec-5ed63d563758,/data_center/data2/dataset/chenwy/21164-data/dpo_dataset/u2net_next_inpainting/HPDv3/real/1df9e167-a0e2-47a6-8eec-5ed63d563758.png,Products
06c59427-b634-42f3-82c7-19993ed8ba70,/data_center/data2/dataset/chenwy/21164-data/dpo_dataset/u2net_next_inpainting/HPDv3/real/06c59427-b634-42f3-82c7-19993ed8ba70.png,Products
a977e90c-8c3a-4efa-b7bb-9e4fed139416,/data_center/data2/dataset/chenwy/21164-data/dpo_dataset/u2net_next_inpainting/HPDv3/real/a977e90c-8c3a-4efa-b7bb-9e4fed139416.png,Characters
b6680076-b2d8-4d69-8c5b-e116b994a5b4,/data_center/data2/dataset/chenwy/21164-data/dpo_dataset/u2net_next_inpainting/HPDv3/real/b6680076-b2d8-4d69-8c5b-e116b994a5b4.png,Transportation
1166aa9b-c29a-4749-90fa-ffcdbf0efdba,/data_center/data2/dataset/chenwy/21164-data/dpo_dataset/u2net_next_inpainting/HPDv3/real/1166aa9b-c29a-4749-90fa-ffcdbf0efdba.png,Transportation
3a64d2be-2a55-4383-a360-988c001a41c6,/data_center/data2/dataset/chenwy/21164-data/dpo_dataset/u2net_next_inpainting/HPDv3/real/3a64d2be-2a55-4383-a360-988c001a41c6.png,Food
e5b998fb-fccb-4aac-b7e0-5e85626b3f49,/data_center/data2/dataset/chenwy/21164-data/dpo_dataset/u2net_next_inpainting/HPDv3/real/e5b998fb-fccb-4aac-b7e0-5e85626b3f49.png,Design
2b1f5e2f-faf0-467d-8b64-0d9a21a4b878,/data_center/data2/dataset/chenwy/21164-data/dpo_dataset/u2net_next_inpainting/HPDv3/real/2b1f5e2f-faf0-467d-8b64-0d9a21a4b878.png,Food
f4536791-abf2-42bc-9e45-f3fa7927c48f,/data_center/data2/dataset/chenwy/21164-data/dpo_dataset/u2net_next_inpainting/HPDv3/real/f4536791-abf2-42bc-9e45-f3fa7927c48f.png,Characters
2baebfe9-2b7b-45c4-8f21-6ac8a5899863,/data_center/data2/dataset/chenwy/21164-data/dpo_dataset/u2net_next_inpainting/HPDv3/real/2baebfe9-2b7b-45c4-8f21-6ac8a5899863.png,Characters
55900ac9-e522-467f-b611-79f19aa9f03b,/data_center/data2/dataset/chenwy/21164-data/dpo_dataset/u2net_next_inpainting/HPDv3/real/55900ac9-e522-467f-b611-79f19aa9f03b.png,Food
4c8f18c9-cbed-4f65-84b3-4453690569e0,/data_center/data2/dataset/chenwy/21164-data/dpo_dataset/u2net_next_inpainting/HPDv3/real/4c8f18c9-cbed-4f65-84b3-4453690569e0.png,Food
5490bd7e-c3dc-491b-a66c-7d7dee1bdd94,/data_center/data2/dataset/chenwy/21164-data/dpo_dataset/u2net_next_inpainting/HPDv3/real/5490bd7e-c3dc-491b-a66c-7d7dee1bdd94.png,Characters
1bcdc1ac-4ae5-481d-b279-086e7f9f0e4f,/data_center/data2/dataset/chenwy/21164-data/dpo_dataset/u2net_next_inpainting/HPDv3/real/1bcdc1ac-4ae5-481d-b279-086e7f9f0e4f.png,Food
11da7706-bb87-4f46-80c6-13e34a562e89,/data_center/data2/dataset/chenwy/21164-data/dpo_dataset/u2net_next_inpainting/HPDv3/real/11da7706-bb87-4f46-80c6-13e34a562e89.png,Characters
a00b82a2-27aa-4cd6-9d87-ce6c897c34ad,/data_center/data2/dataset/chenwy/21164-data/dpo_dataset/u2net_next_inpainting/HPDv3/real/a00b82a2-27aa-4cd6-9d87-ce6c897c34ad.png,Transportation
fb9d317e-65bf-4708-b325-ad8411a54ee4,/data_center/data2/dataset/chenwy/21164-data/dpo_dataset/u2net_next_inpainting/HPDv3/real/fb9d317e-65bf-4708-b325-ad8411a54ee4.png,Natural Scenery
1d35376f-5dde-421f-9f36-05ba87d7f908,/data_center/data2/dataset/chenwy/21164-data/dpo_dataset/u2net_next_inpainting/HPDv3/real/1d35376f-5dde-421f-9f36-05ba87d7f908.png,Others
